"AdditionalProperties","Timestamp","ResourceId","PolicyAssignmentId","PolicyDefinitionId","EffectiveParameters","IsCompliant","SubscriptionId","ResourceType","ResourceLocation","ResourceGroup","ResourceTags","PolicyAssignmentName","PolicyAssignmentOwner","PolicyAssignmentParameters","PolicyAssignmentScope","PolicyDefinitionName","PolicyDefinitionAction","PolicyDefinitionCategory","PolicySetDefinitionId","PolicySetDefinitionName","PolicySetDefinitionOwner","PolicySetDefinitionCategory","PolicySetDefinitionParameters","ManagementGroupIds","PolicyDefinitionReferenceId","ComplianceState","PolicyEvaluationDetails","PolicyDefinitionGroupNames","PolicyDefinitionVersion","PolicySetDefinitionVersion","PolicyAssignmentVersion"
"System.Collections.Generic.Dictionary`2[System.String,System.Object]","3/15/2024 5:16:09 AM","/subscriptions/9e433097-fcac-4ffc-83ea-73c516eb84cc/resourcegroups/cloud-shell-storage-southcentralus/providers/microsoft.storage/storageaccounts/cs710032001685e8b3a","/subscriptions/9e433097-fcac-4ffc-83ea-73c516eb84cc/providers/microsoft.authorization/policyassignments/securitycenterbuiltin","/providers/microsoft.authorization/policydefinitions/6edd7eda-6dd8-40f7-810d-67160c639cd9","","False","9e433097-fcac-4ffc-83ea-73c516eb84cc","Microsoft.Storage/storageAccounts","southcentralus","cloud-shell-storage-southcentralus","tbd","SecurityCenterBuiltIn","tbd","","/subscriptions/9e433097-fcac-4ffc-83ea-73c516eb84cc","6edd7eda-6dd8-40f7-810d-67160c639cd9","auditifnotexists","tbd","/providers/Microsoft.Authorization/policySetDefinitions/1f3afdf9-d0c9-4c3d-847f-89da613e70a8","1f3afdf9-d0c9-4c3d-847f-89da613e70a8","","security center","","","storageaccountshoulduseaprivatelinkconnectionmonitoringeffect","NonCompliant",,"System.Collections.Generic.List`1[System.String]","2.0.0","57.33.0",""
"System.Collections.Generic.Dictionary`2[System.String,System.Object]","3/15/2024 5:16:08 AM","/subscriptions/9e433097-fcac-4ffc-83ea-73c516eb84cc/resourcegroups/cloud-shell-storage-southcentralus/providers/microsoft.storage/storageaccounts/cs710032001685e8b3a","/subscriptions/9e433097-fcac-4ffc-83ea-73c516eb84cc/providers/microsoft.authorization/policyassignments/securitycenterbuiltin","/providers/microsoft.authorization/policydefinitions/8c6a50c6-9ffd-4ae7-986f-5fa6111f9a54","","False","9e433097-fcac-4ffc-83ea-73c516eb84cc","Microsoft.Storage/storageAccounts","southcentralus","cloud-shell-storage-southcentralus","tbd","SecurityCenterBuiltIn","tbd","","/subscriptions/9e433097-fcac-4ffc-83ea-73c516eb84cc","8c6a50c6-9ffd-4ae7-986f-5fa6111f9a54","audit","tbd","/providers/Microsoft.Authorization/policySetDefinitions/1f3afdf9-d0c9-4c3d-847f-89da613e70a8","1f3afdf9-d0c9-4c3d-847f-89da613e70a8","","security center","","","storageaccountsshouldpreventsharedkeyaccess","NonCompliant",,"System.Collections.Generic.List`1[System.String]","2.0.0","57.33.0",""
"System.Collections.Generic.Dictionary`2[System.String,System.Object]","3/15/2024 5:16:08 AM","/subscriptions/9e433097-fcac-4ffc-83ea-73c516eb84cc/resourcegroups/cloud-shell-storage-southcentralus/providers/microsoft.storage/storageaccounts/cs710032001685e8b3a","/subscriptions/9e433097-fcac-4ffc-83ea-73c516eb84cc/providers/microsoft.authorization/policyassignments/securitycenterbuiltin","/providers/microsoft.authorization/policydefinitions/2a1a9cdf-e04d-429a-8416-3bfb72a1b26f","","False","9e433097-fcac-4ffc-83ea-73c516eb84cc","Microsoft.Storage/storageAccounts","southcentralus","cloud-shell-storage-southcentralus","tbd","SecurityCenterBuiltIn","tbd","","/subscriptions/9e433097-fcac-4ffc-83ea-73c516eb84cc","2a1a9cdf-e04d-429a-8416-3bfb72a1b26f","audit","tbd","/providers/Microsoft.Authorization/policySetDefinitions/1f3afdf9-d0c9-4c3d-847f-89da613e70a8","1f3afdf9-d0c9-4c3d-847f-89da613e70a8","","security center","","","storageaccountsshouldrestrictnetworkaccessusingvirtualnetworkrulesmonitoringeffect","NonCompliant",,"System.Collections.Generic.List`1[System.String]","1.0.1","57.33.0",""
"System.Collections.Generic.Dictionary`2[System.String,System.Object]","3/15/2024 4:56:10 AM","/subscriptions/9e433097-fcac-4ffc-83ea-73c516eb84cc/resourcegroups/intelasensewebapp-rg/providers/microsoft.web/sites/intelasenseaiweb","/subscriptions/9e433097-fcac-4ffc-83ea-73c516eb84cc/providers/microsoft.authorization/policyassignments/securitycenterbuiltin","/providers/microsoft.authorization/policydefinitions/91a78b24-f231-4a8a-8da9-02c35b2b6510","","False","9e433097-fcac-4ffc-83ea-73c516eb84cc","Microsoft.Web/sites","eastus","IntelasenseWebApp-RG","tbd","SecurityCenterBuiltIn","tbd","","/subscriptions/9e433097-fcac-4ffc-83ea-73c516eb84cc","91a78b24-f231-4a8a-8da9-02c35b2b6510","auditifnotexists","tbd","/providers/Microsoft.Authorization/policySetDefinitions/1f3afdf9-d0c9-4c3d-847f-89da613e70a8","1f3afdf9-d0c9-4c3d-847f-89da613e70a8","","security center","","","diagnosticlogsinappservicesshouldbeenabledmonitoringeffect","NonCompliant",,"System.Collections.Generic.List`1[System.String]","2.0.1","57.33.0",""
"System.Collections.Generic.Dictionary`2[System.String,System.Object]","3/15/2024 4:56:10 AM","/subscriptions/9e433097-fcac-4ffc-83ea-73c516eb84cc/resourcegroups/intelasensewebapp-rg/providers/microsoft.web/sites/intelasenseaiweb","/subscriptions/9e433097-fcac-4ffc-83ea-73c516eb84cc/providers/microsoft.authorization/policyassignments/securitycenterbuiltin","/providers/microsoft.authorization/policydefinitions/4d24b6d4-5e53-4a4f-a7f4-618fa573ee4b","","False","9e433097-fcac-4ffc-83ea-73c516eb84cc","Microsoft.Web/sites","eastus","IntelasenseWebApp-RG","tbd","SecurityCenterBuiltIn","tbd","","/subscriptions/9e433097-fcac-4ffc-83ea-73c516eb84cc","4d24b6d4-5e53-4a4f-a7f4-618fa573ee4b","auditifnotexists","tbd","/providers/Microsoft.Authorization/policySetDefinitions/1f3afdf9-d0c9-4c3d-847f-89da613e70a8","1f3afdf9-d0c9-4c3d-847f-89da613e70a8","","security center","","","ftpsshouldberequiredinyourwebappmonitoringeffect","NonCompliant",,"System.Collections.Generic.List`1[System.String]","3.0.0","57.33.0",""
"System.Collections.Generic.Dictionary`2[System.String,System.Object]","3/15/2024 4:56:10 AM","/subscriptions/9e433097-fcac-4ffc-83ea-73c516eb84cc/resourcegroups/imageronapp-rg/providers/microsoft.web/sites/iamgeroncom","/subscriptions/9e433097-fcac-4ffc-83ea-73c516eb84cc/providers/microsoft.authorization/policyassignments/securitycenterbuiltin","/providers/microsoft.authorization/policydefinitions/91a78b24-f231-4a8a-8da9-02c35b2b6510","","False","9e433097-fcac-4ffc-83ea-73c516eb84cc","Microsoft.Web/sites","eastus","ImageronApp-RG","tbd","SecurityCenterBuiltIn","tbd","","/subscriptions/9e433097-fcac-4ffc-83ea-73c516eb84cc","91a78b24-f231-4a8a-8da9-02c35b2b6510","auditifnotexists","tbd","/providers/Microsoft.Authorization/policySetDefinitions/1f3afdf9-d0c9-4c3d-847f-89da613e70a8","1f3afdf9-d0c9-4c3d-847f-89da613e70a8","","security center","","","diagnosticlogsinappservicesshouldbeenabledmonitoringeffect","NonCompliant",,"System.Collections.Generic.List`1[System.String]","2.0.1","57.33.0",""
"System.Collections.Generic.Dictionary`2[System.String,System.Object]","3/15/2024 4:56:10 AM","/subscriptions/9e433097-fcac-4ffc-83ea-73c516eb84cc/resourcegroups/synapseanalytics-rg/providers/microsoft.synapse/workspaces/synapse--workspace","/subscriptions/9e433097-fcac-4ffc-83ea-73c516eb84cc/providers/microsoft.authorization/policyassignments/securitycenterbuiltin","/providers/microsoft.authorization/policydefinitions/d31e5c31-63b2-4f12-887b-e49456834fa1","","False","9e433097-fcac-4ffc-83ea-73c516eb84cc","Microsoft.Synapse/workspaces","eastus","SynapseAnalytics-RG","tbd","SecurityCenterBuiltIn","tbd","","/subscriptions/9e433097-fcac-4ffc-83ea-73c516eb84cc","d31e5c31-63b2-4f12-887b-e49456834fa1","auditifnotexists","tbd","/providers/Microsoft.Authorization/policySetDefinitions/1f3afdf9-d0c9-4c3d-847f-89da613e70a8","1f3afdf9-d0c9-4c3d-847f-89da613e70a8","","security center","","","synapseworkspaceadvanceddatasecuritymonitoring","NonCompliant",,"System.Collections.Generic.List`1[System.String]","1.0.0","57.33.0",""
"System.Collections.Generic.Dictionary`2[System.String,System.Object]","3/15/2024 4:56:09 AM","/subscriptions/9e433097-fcac-4ffc-83ea-73c516eb84cc/resourcegroups/intelasensewebapp-rg/providers/microsoft.web/sites/intelasenseaiweb","/subscriptions/9e433097-fcac-4ffc-83ea-73c516eb84cc/providers/microsoft.authorization/policyassignments/securitycenterbuiltin","/providers/microsoft.authorization/policydefinitions/19dd1db6-f442-49cf-a838-b0786b4401ef","","False","9e433097-fcac-4ffc-83ea-73c516eb84cc","Microsoft.Web/sites","eastus","IntelasenseWebApp-RG","tbd","SecurityCenterBuiltIn","tbd","","/subscriptions/9e433097-fcac-4ffc-83ea-73c516eb84cc","19dd1db6-f442-49cf-a838-b0786b4401ef","auditifnotexists","tbd","/providers/Microsoft.Authorization/policySetDefinitions/1f3afdf9-d0c9-4c3d-847f-89da613e70a8","1f3afdf9-d0c9-4c3d-847f-89da613e70a8","","security center","","","ensurewebapphasincomingclientcertificatessettoonmonitoringeffect","NonCompliant",,"System.Collections.Generic.List`1[System.String]","1.0.0","57.33.0",""
"System.Collections.Generic.Dictionary`2[System.String,System.Object]","3/15/2024 4:56:09 AM","/subscriptions/9e433097-fcac-4ffc-83ea-73c516eb84cc/resourcegroups/imageronapp-rg/providers/microsoft.web/sites/iamgeroncom","/subscriptions/9e433097-fcac-4ffc-83ea-73c516eb84cc/providers/microsoft.authorization/policyassignments/securitycenterbuiltin","/providers/microsoft.authorization/policydefinitions/4d24b6d4-5e53-4a4f-a7f4-618fa573ee4b","","False","9e433097-fcac-4ffc-83ea-73c516eb84cc","Microsoft.Web/sites","eastus","ImageronApp-RG","tbd","SecurityCenterBuiltIn","tbd","","/subscriptions/9e433097-fcac-4ffc-83ea-73c516eb84cc","4d24b6d4-5e53-4a4f-a7f4-618fa573ee4b","auditifnotexists","tbd","/providers/Microsoft.Authorization/policySetDefinitions/1f3afdf9-d0c9-4c3d-847f-89da613e70a8","1f3afdf9-d0c9-4c3d-847f-89da613e70a8","","security center","","","ftpsshouldberequiredinyourwebappmonitoringeffect","NonCompliant",,"System.Collections.Generic.List`1[System.String]","3.0.0","57.33.0",""
"System.Collections.Generic.Dictionary`2[System.String,System.Object]","3/15/2024 4:56:09 AM","/subscriptions/9e433097-fcac-4ffc-83ea-73c516eb84cc/resourcegroups/imageronapp-rg/providers/microsoft.web/sites/iamgeroncom","/subscriptions/9e433097-fcac-4ffc-83ea-73c516eb84cc/providers/microsoft.authorization/policyassignments/securitycenterbuiltin","/providers/microsoft.authorization/policydefinitions/19dd1db6-f442-49cf-a838-b0786b4401ef","","False","9e433097-fcac-4ffc-83ea-73c516eb84cc","Microsoft.Web/sites","eastus","ImageronApp-RG","tbd","SecurityCenterBuiltIn","tbd","","/subscriptions/9e433097-fcac-4ffc-83ea-73c516eb84cc","19dd1db6-f442-49cf-a838-b0786b4401ef","auditifnotexists","tbd","/providers/Microsoft.Authorization/policySetDefinitions/1f3afdf9-d0c9-4c3d-847f-89da613e70a8","1f3afdf9-d0c9-4c3d-847f-89da613e70a8","","security center","","","ensurewebapphasincomingclientcertificatessettoonmonitoringeffect","NonCompliant",,"System.Collections.Generic.List`1[System.String]","1.0.0","57.33.0",""
"System.Collections.Generic.Dictionary`2[System.String,System.Object]","3/15/2024 4:56:09 AM","/subscriptions/9e433097-fcac-4ffc-83ea-73c516eb84cc/resourcegroups/synapseanalytics-rg/providers/microsoft.synapse/workspaces/synapse--workspace/azureadonlyauthentications/default","/subscriptions/9e433097-fcac-4ffc-83ea-73c516eb84cc/providers/microsoft.authorization/policyassignments/securitycenterbuiltin","/providers/microsoft.authorization/policydefinitions/6ea81a52-5ca7-4575-9669-eaa910b7edf8","","False","9e433097-fcac-4ffc-83ea-73c516eb84cc","Microsoft.Synapse/workspaces/azureADOnlyAuthentications","","SynapseAnalytics-RG","tbd","SecurityCenterBuiltIn","tbd","","/subscriptions/9e433097-fcac-4ffc-83ea-73c516eb84cc","6ea81a52-5ca7-4575-9669-eaa910b7edf8","audit","tbd","/providers/Microsoft.Authorization/policySetDefinitions/1f3afdf9-d0c9-4c3d-847f-89da613e70a8","1f3afdf9-d0c9-4c3d-847f-89da613e70a8","","security center","","","synapseworkspacedisablingadonlyauthmonitoring","NonCompliant",,"System.Collections.Generic.List`1[System.String]","1.0.0","57.33.0",""
"System.Collections.Generic.Dictionary`2[System.String,System.Object]","3/15/2024 4:56:09 AM","/subscriptions/9e433097-fcac-4ffc-83ea-73c516eb84cc/resourcegroups/intelasensewebapp-rg/providers/microsoft.web/sites/intelasenseaiweb","/subscriptions/9e433097-fcac-4ffc-83ea-73c516eb84cc/providers/microsoft.authorization/policyassignments/securitycenterbuiltin","/providers/microsoft.authorization/policydefinitions/a4af4a39-4135-47fb-b175-47fbdf85311d","","False","9e433097-fcac-4ffc-83ea-73c516eb84cc","Microsoft.Web/sites","eastus","IntelasenseWebApp-RG","tbd","SecurityCenterBuiltIn","tbd","","/subscriptions/9e433097-fcac-4ffc-83ea-73c516eb84cc","a4af4a39-4135-47fb-b175-47fbdf85311d","audit","tbd","/providers/Microsoft.Authorization/policySetDefinitions/1f3afdf9-d0c9-4c3d-847f-89da613e70a8","1f3afdf9-d0c9-4c3d-847f-89da613e70a8","","security center","","","webappenforcehttpsmonitoring","NonCompliant",,"System.Collections.Generic.List`1[System.String]","4.0.0","57.33.0",""
"System.Collections.Generic.Dictionary`2[System.String,System.Object]","3/15/2024 4:56:09 AM","/subscriptions/9e433097-fcac-4ffc-83ea-73c516eb84cc/resourcegroups/synapseanalytics-rg/providers/microsoft.synapse/workspaces/synapse--workspace","/subscriptions/9e433097-fcac-4ffc-83ea-73c516eb84cc/providers/microsoft.authorization/policyassignments/securitycenterbuiltin","/providers/microsoft.authorization/policydefinitions/2158ddbe-fefa-408e-b43f-d4faef8ff3b8","","False","9e433097-fcac-4ffc-83ea-73c516eb84cc","Microsoft.Synapse/workspaces","eastus","SynapseAnalytics-RG","tbd","SecurityCenterBuiltIn","tbd","","/subscriptions/9e433097-fcac-4ffc-83ea-73c516eb84cc","2158ddbe-fefa-408e-b43f-d4faef8ff3b8","audit","tbd","/providers/Microsoft.Authorization/policySetDefinitions/1f3afdf9-d0c9-4c3d-847f-89da613e70a8","1f3afdf9-d0c9-4c3d-847f-89da613e70a8","","security center","","","synapseworkspaceadonlyenabledmonitoring","NonCompliant",,"System.Collections.Generic.List`1[System.String]","1.2.0","57.33.0",""
"System.Collections.Generic.Dictionary`2[System.String,System.Object]","3/15/2024 4:56:09 AM","/subscriptions/9e433097-fcac-4ffc-83ea-73c516eb84cc/resourcegroups/synapseanalytics-rg/providers/microsoft.storage/storageaccounts/datalakei","/subscriptions/9e433097-fcac-4ffc-83ea-73c516eb84cc/providers/microsoft.authorization/policyassignments/securitycenterbuiltin","/providers/microsoft.authorization/policydefinitions/6edd7eda-6dd8-40f7-810d-67160c639cd9","","False","9e433097-fcac-4ffc-83ea-73c516eb84cc","Microsoft.Storage/storageAccounts","eastus","SynapseAnalytics-RG","tbd","SecurityCenterBuiltIn","tbd","","/subscriptions/9e433097-fcac-4ffc-83ea-73c516eb84cc","6edd7eda-6dd8-40f7-810d-67160c639cd9","auditifnotexists","tbd","/providers/Microsoft.Authorization/policySetDefinitions/1f3afdf9-d0c9-4c3d-847f-89da613e70a8","1f3afdf9-d0c9-4c3d-847f-89da613e70a8","","security center","","","storageaccountshoulduseaprivatelinkconnectionmonitoringeffect","NonCompliant",,"System.Collections.Generic.List`1[System.String]","2.0.0","57.33.0",""
"System.Collections.Generic.Dictionary`2[System.String,System.Object]","3/15/2024 4:56:09 AM","/subscriptions/9e433097-fcac-4ffc-83ea-73c516eb84cc/resourcegroups/azureml-rg/providers/microsoft.storage/storageaccounts/azuremlworkspa1435438191","/subscriptions/9e433097-fcac-4ffc-83ea-73c516eb84cc/providers/microsoft.authorization/policyassignments/securitycenterbuiltin","/providers/microsoft.authorization/policydefinitions/6edd7eda-6dd8-40f7-810d-67160c639cd9","","False","9e433097-fcac-4ffc-83ea-73c516eb84cc","Microsoft.Storage/storageAccounts","eastus","AzureML-RG","tbd","SecurityCenterBuiltIn","tbd","","/subscriptions/9e433097-fcac-4ffc-83ea-73c516eb84cc","6edd7eda-6dd8-40f7-810d-67160c639cd9","auditifnotexists","tbd","/providers/Microsoft.Authorization/policySetDefinitions/1f3afdf9-d0c9-4c3d-847f-89da613e70a8","1f3afdf9-d0c9-4c3d-847f-89da613e70a8","","security center","","","storageaccountshoulduseaprivatelinkconnectionmonitoringeffect","NonCompliant",,"System.Collections.Generic.List`1[System.String]","2.0.0","57.33.0",""
"System.Collections.Generic.Dictionary`2[System.String,System.Object]","3/15/2024 4:56:09 AM","/subscriptions/9e433097-fcac-4ffc-83ea-73c516eb84cc/resourcegroups/sql-database-rg/providers/Microsoft.Sql/servers/sql-server-00","/subscriptions/9e433097-fcac-4ffc-83ea-73c516eb84cc/providers/microsoft.authorization/policyassignments/securitycenterbuiltin","/providers/microsoft.authorization/policydefinitions/abfb4388-5bf4-4ad7-ba82-2cd2f41ceae9","","False","9e433097-fcac-4ffc-83ea-73c516eb84cc","Microsoft.Sql/servers","eastus","Sql-Database-RG","tbd","SecurityCenterBuiltIn","tbd","","/subscriptions/9e433097-fcac-4ffc-83ea-73c516eb84cc","abfb4388-5bf4-4ad7-ba82-2cd2f41ceae9","auditifnotexists","tbd","/providers/Microsoft.Authorization/policySetDefinitions/1f3afdf9-d0c9-4c3d-847f-89da613e70a8","1f3afdf9-d0c9-4c3d-847f-89da613e70a8","","security center","","","sqlserveradvanceddatasecuritymonitoring","NonCompliant",,"System.Collections.Generic.List`1[System.String]","2.0.1","57.33.0",""
"System.Collections.Generic.Dictionary`2[System.String,System.Object]","3/15/2024 4:56:09 AM","/subscriptions/9e433097-fcac-4ffc-83ea-73c516eb84cc/resourcegroups/sql-database-rg/providers/Microsoft.Sql/servers/sql-server-00","/subscriptions/9e433097-fcac-4ffc-83ea-73c516eb84cc/providers/microsoft.authorization/policyassignments/securitycenterbuiltin","/providers/microsoft.authorization/policydefinitions/a6fb4358-5bf4-4ad7-ba82-2cd2f41ce5e9","","False","9e433097-fcac-4ffc-83ea-73c516eb84cc","Microsoft.Sql/servers","eastus","Sql-Database-RG","tbd","SecurityCenterBuiltIn","tbd","","/subscriptions/9e433097-fcac-4ffc-83ea-73c516eb84cc","a6fb4358-5bf4-4ad7-ba82-2cd2f41ce5e9","auditifnotexists","tbd","/providers/Microsoft.Authorization/policySetDefinitions/1f3afdf9-d0c9-4c3d-847f-89da613e70a8","1f3afdf9-d0c9-4c3d-847f-89da613e70a8","","security center","","","sqlserverauditingmonitoring","NonCompliant",,"System.Collections.Generic.List`1[System.String]","2.0.0","57.33.0",""
"System.Collections.Generic.Dictionary`2[System.String,System.Object]","3/15/2024 4:56:09 AM","/subscriptions/9e433097-fcac-4ffc-83ea-73c516eb84cc/resourcegroups/synapseanalytics-rg/providers/microsoft.storage/storageaccounts/datalakei","/subscriptions/9e433097-fcac-4ffc-83ea-73c516eb84cc/providers/microsoft.authorization/policyassignments/securitycenterbuiltin","/providers/microsoft.authorization/policydefinitions/8c6a50c6-9ffd-4ae7-986f-5fa6111f9a54","","False","9e433097-fcac-4ffc-83ea-73c516eb84cc","Microsoft.Storage/storageAccounts","eastus","SynapseAnalytics-RG","tbd","SecurityCenterBuiltIn","tbd","","/subscriptions/9e433097-fcac-4ffc-83ea-73c516eb84cc","8c6a50c6-9ffd-4ae7-986f-5fa6111f9a54","audit","tbd","/providers/Microsoft.Authorization/policySetDefinitions/1f3afdf9-d0c9-4c3d-847f-89da613e70a8","1f3afdf9-d0c9-4c3d-847f-89da613e70a8","","security center","","","storageaccountsshouldpreventsharedkeyaccess","NonCompliant",,"System.Collections.Generic.List`1[System.String]","2.0.0","57.33.0",""
"System.Collections.Generic.Dictionary`2[System.String,System.Object]","3/15/2024 4:56:09 AM","/subscriptions/9e433097-fcac-4ffc-83ea-73c516eb84cc/resourcegroups/synapseanalytics-rg/providers/microsoft.storage/storageaccounts/datalakei","/subscriptions/9e433097-fcac-4ffc-83ea-73c516eb84cc/providers/microsoft.authorization/policyassignments/securitycenterbuiltin","/providers/microsoft.authorization/policydefinitions/2a1a9cdf-e04d-429a-8416-3bfb72a1b26f","","False","9e433097-fcac-4ffc-83ea-73c516eb84cc","Microsoft.Storage/storageAccounts","eastus","SynapseAnalytics-RG","tbd","SecurityCenterBuiltIn","tbd","","/subscriptions/9e433097-fcac-4ffc-83ea-73c516eb84cc","2a1a9cdf-e04d-429a-8416-3bfb72a1b26f","audit","tbd","/providers/Microsoft.Authorization/policySetDefinitions/1f3afdf9-d0c9-4c3d-847f-89da613e70a8","1f3afdf9-d0c9-4c3d-847f-89da613e70a8","","security center","","","storageaccountsshouldrestrictnetworkaccessusingvirtualnetworkrulesmonitoringeffect","NonCompliant",,"System.Collections.Generic.List`1[System.String]","1.0.1","57.33.0",""
"System.Collections.Generic.Dictionary`2[System.String,System.Object]","3/15/2024 4:56:09 AM","/subscriptions/9e433097-fcac-4ffc-83ea-73c516eb84cc/resourcegroups/synapseanalytics-rg/providers/microsoft.storage/storageaccounts/datalakei","/subscriptions/9e433097-fcac-4ffc-83ea-73c516eb84cc/providers/microsoft.authorization/policyassignments/securitycenterbuiltin","/providers/microsoft.authorization/policydefinitions/4fa4b6c0-31ca-4c0d-b10d-24b96f62a751","","False","9e433097-fcac-4ffc-83ea-73c516eb84cc","Microsoft.Storage/storageAccounts","eastus","SynapseAnalytics-RG","tbd","SecurityCenterBuiltIn","tbd","","/subscriptions/9e433097-fcac-4ffc-83ea-73c516eb84cc","4fa4b6c0-31ca-4c0d-b10d-24b96f62a751","audit","tbd","/providers/Microsoft.Authorization/policySetDefinitions/1f3afdf9-d0c9-4c3d-847f-89da613e70a8","1f3afdf9-d0c9-4c3d-847f-89da613e70a8","","security center","","","storagedisallowpublicaccess","NonCompliant",,"System.Collections.Generic.List`1[System.String]","3.1.0-preview","57.33.0",""
"System.Collections.Generic.Dictionary`2[System.String,System.Object]","3/15/2024 4:56:09 AM","/subscriptions/9e433097-fcac-4ffc-83ea-73c516eb84cc/resourcegroups/sql-database-rg/providers/Microsoft.Sql/servers/sql-server-00/azureadonlyauthentications/default","/subscriptions/9e433097-fcac-4ffc-83ea-73c516eb84cc/providers/microsoft.authorization/policyassignments/securitycenterbuiltin","/providers/microsoft.authorization/policydefinitions/b3a22bc9-66de-45fb-98fa-00f5df42f41a","","False","9e433097-fcac-4ffc-83ea-73c516eb84cc","Microsoft.Sql/servers/azureADOnlyAuthentications","","Sql-Database-RG","tbd","SecurityCenterBuiltIn","tbd","","/subscriptions/9e433097-fcac-4ffc-83ea-73c516eb84cc","b3a22bc9-66de-45fb-98fa-00f5df42f41a","audit","tbd","/providers/Microsoft.Authorization/policySetDefinitions/1f3afdf9-d0c9-4c3d-847f-89da613e70a8","1f3afdf9-d0c9-4c3d-847f-89da613e70a8","","security center","","","sqlserverdisableadonlyauthmonitoring","NonCompliant",,"System.Collections.Generic.List`1[System.String]","1.0.0","57.33.0",""
"System.Collections.Generic.Dictionary`2[System.String,System.Object]","3/15/2024 4:56:09 AM","/subscriptions/9e433097-fcac-4ffc-83ea-73c516eb84cc/resourcegroups/azureml-rg/providers/microsoft.storage/storageaccounts/azuremlworkspa1435438191","/subscriptions/9e433097-fcac-4ffc-83ea-73c516eb84cc/providers/microsoft.authorization/policyassignments/securitycenterbuiltin","/providers/microsoft.authorization/policydefinitions/8c6a50c6-9ffd-4ae7-986f-5fa6111f9a54","","False","9e433097-fcac-4ffc-83ea-73c516eb84cc","Microsoft.Storage/storageAccounts","eastus","AzureML-RG","tbd","SecurityCenterBuiltIn","tbd","","/subscriptions/9e433097-fcac-4ffc-83ea-73c516eb84cc","8c6a50c6-9ffd-4ae7-986f-5fa6111f9a54","audit","tbd","/providers/Microsoft.Authorization/policySetDefinitions/1f3afdf9-d0c9-4c3d-847f-89da613e70a8","1f3afdf9-d0c9-4c3d-847f-89da613e70a8","","security center","","","storageaccountsshouldpreventsharedkeyaccess","NonCompliant",,"System.Collections.Generic.List`1[System.String]","2.0.0","57.33.0",""
"System.Collections.Generic.Dictionary`2[System.String,System.Object]","3/15/2024 4:56:09 AM","/subscriptions/9e433097-fcac-4ffc-83ea-73c516eb84cc/resourcegroups/azureml-rg/providers/microsoft.storage/storageaccounts/azuremlworkspa1435438191","/subscriptions/9e433097-fcac-4ffc-83ea-73c516eb84cc/providers/microsoft.authorization/policyassignments/securitycenterbuiltin","/providers/microsoft.authorization/policydefinitions/2a1a9cdf-e04d-429a-8416-3bfb72a1b26f","","False","9e433097-fcac-4ffc-83ea-73c516eb84cc","Microsoft.Storage/storageAccounts","eastus","AzureML-RG","tbd","SecurityCenterBuiltIn","tbd","","/subscriptions/9e433097-fcac-4ffc-83ea-73c516eb84cc","2a1a9cdf-e04d-429a-8416-3bfb72a1b26f","audit","tbd","/providers/Microsoft.Authorization/policySetDefinitions/1f3afdf9-d0c9-4c3d-847f-89da613e70a8","1f3afdf9-d0c9-4c3d-847f-89da613e70a8","","security center","","","storageaccountsshouldrestrictnetworkaccessusingvirtualnetworkrulesmonitoringeffect","NonCompliant",,"System.Collections.Generic.List`1[System.String]","1.0.1","57.33.0",""
"System.Collections.Generic.Dictionary`2[System.String,System.Object]","3/15/2024 4:56:09 AM","/subscriptions/9e433097-fcac-4ffc-83ea-73c516eb84cc/resourcegroups/azureml-rg/providers/microsoft.storage/storageaccounts/azuremlworkspa1435438191","/subscriptions/9e433097-fcac-4ffc-83ea-73c516eb84cc/providers/microsoft.authorization/policyassignments/securitycenterbuiltin","/providers/microsoft.authorization/policydefinitions/4fa4b6c0-31ca-4c0d-b10d-24b96f62a751","","False","9e433097-fcac-4ffc-83ea-73c516eb84cc","Microsoft.Storage/storageAccounts","eastus","AzureML-RG","tbd","SecurityCenterBuiltIn","tbd","","/subscriptions/9e433097-fcac-4ffc-83ea-73c516eb84cc","4fa4b6c0-31ca-4c0d-b10d-24b96f62a751","audit","tbd","/providers/Microsoft.Authorization/policySetDefinitions/1f3afdf9-d0c9-4c3d-847f-89da613e70a8","1f3afdf9-d0c9-4c3d-847f-89da613e70a8","","security center","","","storagedisallowpublicaccess","NonCompliant",,"System.Collections.Generic.List`1[System.String]","3.1.0-preview","57.33.0",""
"System.Collections.Generic.Dictionary`2[System.String,System.Object]","3/15/2024 4:56:09 AM","/subscriptions/9e433097-fcac-4ffc-83ea-73c516eb84cc","/subscriptions/9e433097-fcac-4ffc-83ea-73c516eb84cc/providers/microsoft.authorization/policyassignments/securitycenterbuiltin","/providers/microsoft.authorization/policydefinitions/0b15565f-aa9e-48ba-8619-45960f2c314d","","False","9e433097-fcac-4ffc-83ea-73c516eb84cc","Microsoft.Resources/subscriptions","","","tbd","SecurityCenterBuiltIn","tbd","","/subscriptions/9e433097-fcac-4ffc-83ea-73c516eb84cc","0b15565f-aa9e-48ba-8619-45960f2c314d","auditifnotexists","tbd","/providers/Microsoft.Authorization/policySetDefinitions/1f3afdf9-d0c9-4c3d-847f-89da613e70a8","1f3afdf9-d0c9-4c3d-847f-89da613e70a8","","security center","","","emailnotificationtosubscriptionownerforhighseverityalertsshouldbeenabledmonitoringeffect","NonCompliant",,"System.Collections.Generic.List`1[System.String]","2.0.0","57.33.0",""
"System.Collections.Generic.Dictionary`2[System.String,System.Object]","3/15/2024 4:56:08 AM","/subscriptions/9e433097-fcac-4ffc-83ea-73c516eb84cc","/subscriptions/9e433097-fcac-4ffc-83ea-73c516eb84cc/providers/microsoft.authorization/policyassignments/securitycenterbuiltin","/providers/microsoft.authorization/policydefinitions/4f4f78b8-e367-4b10-a341-d9a4ad5cf1c7","","False","9e433097-fcac-4ffc-83ea-73c516eb84cc","Microsoft.Resources/subscriptions","","","tbd","SecurityCenterBuiltIn","tbd","","/subscriptions/9e433097-fcac-4ffc-83ea-73c516eb84cc","4f4f78b8-e367-4b10-a341-d9a4ad5cf1c7","auditifnotexists","tbd","/providers/Microsoft.Authorization/policySetDefinitions/1f3afdf9-d0c9-4c3d-847f-89da613e70a8","1f3afdf9-d0c9-4c3d-847f-89da613e70a8","","security center","","","subscriptionsshouldhaveacontactemailaddressforsecurityissuesmonitoringeffect","NonCompliant",,"System.Collections.Generic.List`1[System.String]","1.0.1","57.33.0",""
"System.Collections.Generic.Dictionary`2[System.String,System.Object]","3/15/2024 4:56:08 AM","/subscriptions/9e433097-fcac-4ffc-83ea-73c516eb84cc","/subscriptions/9e433097-fcac-4ffc-83ea-73c516eb84cc/providers/microsoft.authorization/policyassignments/securitycenterbuiltin","/providers/microsoft.authorization/policydefinitions/6e2593d9-add6-4083-9c9b-4b7d2188c899","","False","9e433097-fcac-4ffc-83ea-73c516eb84cc","Microsoft.Resources/subscriptions","","","tbd","SecurityCenterBuiltIn","tbd","","/subscriptions/9e433097-fcac-4ffc-83ea-73c516eb84cc","6e2593d9-add6-4083-9c9b-4b7d2188c899","auditifnotexists","tbd","/providers/Microsoft.Authorization/policySetDefinitions/1f3afdf9-d0c9-4c3d-847f-89da613e70a8","1f3afdf9-d0c9-4c3d-847f-89da613e70a8","","security center","","","emailnotificationforhighseverityalertsshouldbeenabledmonitoringeffect","NonCompliant",,"System.Collections.Generic.List`1[System.String]","1.0.1","57.33.0",""
"System.Collections.Generic.Dictionary`2[System.String,System.Object]","3/15/2024 4:56:08 AM","/subscriptions/9e433097-fcac-4ffc-83ea-73c516eb84cc/resourcegroups/sql-database-rg/providers/Microsoft.Sql/servers/sql-server-00","/subscriptions/9e433097-fcac-4ffc-83ea-73c516eb84cc/providers/microsoft.authorization/policyassignments/securitycenterbuiltin","/providers/microsoft.authorization/policydefinitions/ef2a8f2a-b3d9-49cd-a8a8-9a3aaaf647d9","","False","9e433097-fcac-4ffc-83ea-73c516eb84cc","Microsoft.Sql/servers","eastus","Sql-Database-RG","tbd","SecurityCenterBuiltIn","tbd","","/subscriptions/9e433097-fcac-4ffc-83ea-73c516eb84cc","ef2a8f2a-b3d9-49cd-a8a8-9a3aaaf647d9","auditifnotexists","tbd","/providers/Microsoft.Authorization/policySetDefinitions/1f3afdf9-d0c9-4c3d-847f-89da613e70a8","1f3afdf9-d0c9-4c3d-847f-89da613e70a8","","security center","","","vulnerabilityassessmentonservermonitoring","NonCompliant",,"System.Collections.Generic.List`1[System.String]","3.0.0","57.33.0",""
"System.Collections.Generic.Dictionary`2[System.String,System.Object]","3/15/2024 4:56:08 AM","/subscriptions/9e433097-fcac-4ffc-83ea-73c516eb84cc/resourcegroups/sql-database-rg/providers/Microsoft.Sql/servers/sql-server-00","/subscriptions/9e433097-fcac-4ffc-83ea-73c516eb84cc/providers/microsoft.authorization/policyassignments/securitycenterbuiltin","/providers/microsoft.authorization/policydefinitions/feedbf84-6b99-488c-acc2-71c829aa5ffc","","False","9e433097-fcac-4ffc-83ea-73c516eb84cc","Microsoft.Sql/servers","eastus","Sql-Database-RG","tbd","SecurityCenterBuiltIn","tbd","","/subscriptions/9e433097-fcac-4ffc-83ea-73c516eb84cc","feedbf84-6b99-488c-acc2-71c829aa5ffc","auditifnotexists","tbd","/providers/Microsoft.Authorization/policySetDefinitions/1f3afdf9-d0c9-4c3d-847f-89da613e70a8","1f3afdf9-d0c9-4c3d-847f-89da613e70a8","","security center","","","sqldbvulnerabilityassesmentmonitoring","NonCompliant",,"System.Collections.Generic.List`1[System.String]","4.1.0","57.33.0",""
"System.Collections.Generic.Dictionary`2[System.String,System.Object]","3/15/2024 4:56:08 AM","/subscriptions/9e433097-fcac-4ffc-83ea-73c516eb84cc","/subscriptions/9e433097-fcac-4ffc-83ea-73c516eb84cc/providers/microsoft.authorization/policyassignments/securitycenterbuiltin","/providers/microsoft.authorization/policydefinitions/640d2586-54d2-465f-877f-9ffc1d2109f4","","False","9e433097-fcac-4ffc-83ea-73c516eb84cc","Microsoft.Resources/subscriptions","","","tbd","SecurityCenterBuiltIn","tbd","","/subscriptions/9e433097-fcac-4ffc-83ea-73c516eb84cc","640d2586-54d2-465f-877f-9ffc1d2109f4","auditifnotexists","tbd","/providers/Microsoft.Authorization/policySetDefinitions/1f3afdf9-d0c9-4c3d-847f-89da613e70a8","1f3afdf9-d0c9-4c3d-847f-89da613e70a8","","security center","","","defenderforstorageshouldbeenabledmonitoring","NonCompliant",,"System.Collections.Generic.List`1[System.String]","1.0.0","57.33.0",""
"System.Collections.Generic.Dictionary`2[System.String,System.Object]","3/15/2024 4:56:08 AM","/subscriptions/9e433097-fcac-4ffc-83ea-73c516eb84cc/resourcegroups/sql-database-rg/providers/Microsoft.Sql/servers/sql-server-00","/subscriptions/9e433097-fcac-4ffc-83ea-73c516eb84cc/providers/microsoft.authorization/policyassignments/securitycenterbuiltin","/providers/microsoft.authorization/policydefinitions/abda6d70-9778-44e7-84a8-06713e6db027","","False","9e433097-fcac-4ffc-83ea-73c516eb84cc","Microsoft.Sql/servers","eastus","Sql-Database-RG","tbd","SecurityCenterBuiltIn","tbd","","/subscriptions/9e433097-fcac-4ffc-83ea-73c516eb84cc","abda6d70-9778-44e7-84a8-06713e6db027","audit","tbd","/providers/Microsoft.Authorization/policySetDefinitions/1f3afdf9-d0c9-4c3d-847f-89da613e70a8","1f3afdf9-d0c9-4c3d-847f-89da613e70a8","","security center","","","sqlserveradonlyenabledmonitoring","NonCompliant",,"System.Collections.Generic.List`1[System.String]","1.2.0","57.33.0",""
"System.Collections.Generic.Dictionary`2[System.String,System.Object]","3/15/2024 4:56:08 AM","/subscriptions/9e433097-fcac-4ffc-83ea-73c516eb84cc/resourcegroups/synapseworkspace-managedrg-af647063-c5eb-4a1f-b6a0-e19e57094e09/providers/Microsoft.Sql/servers/synapse--workspace","/subscriptions/9e433097-fcac-4ffc-83ea-73c516eb84cc/providers/microsoft.authorization/policyassignments/securitycenterbuiltin","/providers/microsoft.authorization/policydefinitions/1b8ca024-1d5c-4dec-8995-b1a932b41780","","False","9e433097-fcac-4ffc-83ea-73c516eb84cc","Microsoft.Sql/servers","eastus","synapseworkspace-managedrg-af647063-c5eb-4a1f-b6a0-e19e57094e09","tbd","SecurityCenterBuiltIn","tbd","","/subscriptions/9e433097-fcac-4ffc-83ea-73c516eb84cc","1b8ca024-1d5c-4dec-8995-b1a932b41780","audit","tbd","/providers/Microsoft.Authorization/policySetDefinitions/1f3afdf9-d0c9-4c3d-847f-89da613e70a8","1f3afdf9-d0c9-4c3d-847f-89da613e70a8","","security center","","","publicnetworkaccessonazuresqldatabaseshouldbedisabledmonitoringeffect","NonCompliant",,"System.Collections.Generic.List`1[System.String]","1.1.0","57.33.0",""
"System.Collections.Generic.Dictionary`2[System.String,System.Object]","3/15/2024 4:56:08 AM","/subscriptions/9e433097-fcac-4ffc-83ea-73c516eb84cc/resourcegroups/sql-database-rg/providers/Microsoft.Sql/servers/sql-server-00","/subscriptions/9e433097-fcac-4ffc-83ea-73c516eb84cc/providers/microsoft.authorization/policyassignments/securitycenterbuiltin","/providers/microsoft.authorization/policydefinitions/1b8ca024-1d5c-4dec-8995-b1a932b41780","","False","9e433097-fcac-4ffc-83ea-73c516eb84cc","Microsoft.Sql/servers","eastus","Sql-Database-RG","tbd","SecurityCenterBuiltIn","tbd","","/subscriptions/9e433097-fcac-4ffc-83ea-73c516eb84cc","1b8ca024-1d5c-4dec-8995-b1a932b41780","audit","tbd","/providers/Microsoft.Authorization/policySetDefinitions/1f3afdf9-d0c9-4c3d-847f-89da613e70a8","1f3afdf9-d0c9-4c3d-847f-89da613e70a8","","security center","","","publicnetworkaccessonazuresqldatabaseshouldbedisabledmonitoringeffect","NonCompliant",,"System.Collections.Generic.List`1[System.String]","1.1.0","57.33.0",""
"System.Collections.Generic.Dictionary`2[System.String,System.Object]","3/15/2024 4:56:08 AM","/subscriptions/9e433097-fcac-4ffc-83ea-73c516eb84cc/resourcegroups/synapseworkspace-managedrg-af647063-c5eb-4a1f-b6a0-e19e57094e09/providers/Microsoft.Sql/servers/synapse--workspace","/subscriptions/9e433097-fcac-4ffc-83ea-73c516eb84cc/providers/microsoft.authorization/policyassignments/securitycenterbuiltin","/providers/microsoft.authorization/policydefinitions/7698e800-9299-47a6-b3b6-5a0fee576eed","","False","9e433097-fcac-4ffc-83ea-73c516eb84cc","Microsoft.Sql/servers","eastus","synapseworkspace-managedrg-af647063-c5eb-4a1f-b6a0-e19e57094e09","tbd","SecurityCenterBuiltIn","tbd","","/subscriptions/9e433097-fcac-4ffc-83ea-73c516eb84cc","7698e800-9299-47a6-b3b6-5a0fee576eed","audit","tbd","/providers/Microsoft.Authorization/policySetDefinitions/1f3afdf9-d0c9-4c3d-847f-89da613e70a8","1f3afdf9-d0c9-4c3d-847f-89da613e70a8","","security center","","","privateendpointconnectionsonazuresqldatabaseshouldbeenabledmonitoringeffect","NonCompliant",,"System.Collections.Generic.List`1[System.String]","1.1.0","57.33.0",""
"System.Collections.Generic.Dictionary`2[System.String,System.Object]","3/15/2024 4:56:08 AM","/subscriptions/9e433097-fcac-4ffc-83ea-73c516eb84cc/resourcegroups/sql-database-rg/providers/Microsoft.Sql/servers/sql-server-00","/subscriptions/9e433097-fcac-4ffc-83ea-73c516eb84cc/providers/microsoft.authorization/policyassignments/securitycenterbuiltin","/providers/microsoft.authorization/policydefinitions/7698e800-9299-47a6-b3b6-5a0fee576eed","","False","9e433097-fcac-4ffc-83ea-73c516eb84cc","Microsoft.Sql/servers","eastus","Sql-Database-RG","tbd","SecurityCenterBuiltIn","tbd","","/subscriptions/9e433097-fcac-4ffc-83ea-73c516eb84cc","7698e800-9299-47a6-b3b6-5a0fee576eed","audit","tbd","/providers/Microsoft.Authorization/policySetDefinitions/1f3afdf9-d0c9-4c3d-847f-89da613e70a8","1f3afdf9-d0c9-4c3d-847f-89da613e70a8","","security center","","","privateendpointconnectionsonazuresqldatabaseshouldbeenabledmonitoringeffect","NonCompliant",,"System.Collections.Generic.List`1[System.String]","1.1.0","57.33.0",""
"System.Collections.Generic.Dictionary`2[System.String,System.Object]","3/15/2024 4:56:08 AM","/subscriptions/9e433097-fcac-4ffc-83ea-73c516eb84cc/resourcegroups/azureml-rg/providers/microsoft.machinelearningservices/workspaces/azureml-workspace","/subscriptions/9e433097-fcac-4ffc-83ea-73c516eb84cc/providers/microsoft.authorization/policyassignments/securitycenterbuiltin","/providers/microsoft.authorization/policydefinitions/afe0c3be-ba3b-4544-ba52-0c99672a8ad6","","False","9e433097-fcac-4ffc-83ea-73c516eb84cc","Microsoft.MachineLearningServices/workspaces","eastus","AzureML-RG","tbd","SecurityCenterBuiltIn","tbd","","/subscriptions/9e433097-fcac-4ffc-83ea-73c516eb84cc","afe0c3be-ba3b-4544-ba52-0c99672a8ad6","auditifnotexists","tbd","/providers/Microsoft.Authorization/policySetDefinitions/1f3afdf9-d0c9-4c3d-847f-89da613e70a8","1f3afdf9-d0c9-4c3d-847f-89da613e70a8","","security center","","","resourcelogsinazuremachinelearningworkspacesshouldbeenabled","NonCompliant",,"System.Collections.Generic.List`1[System.String]","1.0.1","57.33.0",""
"System.Collections.Generic.Dictionary`2[System.String,System.Object]","3/15/2024 4:56:08 AM","/subscriptions/9e433097-fcac-4ffc-83ea-73c516eb84cc","/subscriptions/9e433097-fcac-4ffc-83ea-73c516eb84cc/providers/microsoft.authorization/policyassignments/securitycenterbuiltin","/providers/microsoft.authorization/policydefinitions/1f90fc71-a595-4066-8974-d4d0802e8ef0","","False","9e433097-fcac-4ffc-83ea-73c516eb84cc","Microsoft.Resources/subscriptions","","","tbd","SecurityCenterBuiltIn","tbd","","/subscriptions/9e433097-fcac-4ffc-83ea-73c516eb84cc","1f90fc71-a595-4066-8974-d4d0802e8ef0","auditifnotexists","tbd","/providers/Microsoft.Authorization/policySetDefinitions/1f3afdf9-d0c9-4c3d-847f-89da613e70a8","1f3afdf9-d0c9-4c3d-847f-89da613e70a8","","security center","","","microsoftdefendercspmshouldbeenabledmonitoringeffect","NonCompliant",,"System.Collections.Generic.List`1[System.String]","1.0.0","57.33.0",""
"System.Collections.Generic.Dictionary`2[System.String,System.Object]","3/15/2024 4:56:08 AM","/subscriptions/9e433097-fcac-4ffc-83ea-73c516eb84cc","/subscriptions/9e433097-fcac-4ffc-83ea-73c516eb84cc/providers/microsoft.authorization/policyassignments/securitycenterbuiltin","/providers/microsoft.authorization/policydefinitions/0a9fbe0d-c5c4-4da8-87d8-f4fd77338835","","False","9e433097-fcac-4ffc-83ea-73c516eb84cc","Microsoft.Resources/subscriptions","","","tbd","SecurityCenterBuiltIn","tbd","","/subscriptions/9e433097-fcac-4ffc-83ea-73c516eb84cc","0a9fbe0d-c5c4-4da8-87d8-f4fd77338835","auditifnotexists","tbd","/providers/Microsoft.Authorization/policySetDefinitions/1f3afdf9-d0c9-4c3d-847f-89da613e70a8","1f3afdf9-d0c9-4c3d-847f-89da613e70a8","","security center","","","azuredefenderforopensourcerelationaldatabasesshouldbeenabledmonitoringeffect","NonCompliant",,"System.Collections.Generic.List`1[System.String]","1.0.0","57.33.0",""
"System.Collections.Generic.Dictionary`2[System.String,System.Object]","3/15/2024 4:56:08 AM","/subscriptions/9e433097-fcac-4ffc-83ea-73c516eb84cc","/subscriptions/9e433097-fcac-4ffc-83ea-73c516eb84cc/providers/microsoft.authorization/policyassignments/securitycenterbuiltin","/providers/microsoft.authorization/policydefinitions/475aae12-b88a-4572-8b36-9b712b2b3a17","","False","9e433097-fcac-4ffc-83ea-73c516eb84cc","Microsoft.Resources/subscriptions","","","tbd","SecurityCenterBuiltIn","tbd","","/subscriptions/9e433097-fcac-4ffc-83ea-73c516eb84cc","475aae12-b88a-4572-8b36-9b712b2b3a17","auditifnotexists","tbd","/providers/Microsoft.Authorization/policySetDefinitions/1f3afdf9-d0c9-4c3d-847f-89da613e70a8","1f3afdf9-d0c9-4c3d-847f-89da613e70a8","","security center","","","autoprovisioningoftheloganalyticsagentshouldbeenabledonyoursubscriptionmonitoringeffect","NonCompliant",,"System.Collections.Generic.List`1[System.String]","1.0.1","57.33.0",""
"System.Collections.Generic.Dictionary`2[System.String,System.Object]","3/15/2024 4:56:08 AM","/subscriptions/9e433097-fcac-4ffc-83ea-73c516eb84cc","/subscriptions/9e433097-fcac-4ffc-83ea-73c516eb84cc/providers/microsoft.authorization/policyassignments/securitycenterbuiltin","/providers/microsoft.authorization/policydefinitions/c3d20c29-b36d-48fe-808b-99a87530ad99","","False","9e433097-fcac-4ffc-83ea-73c516eb84cc","Microsoft.Resources/subscriptions","","","tbd","SecurityCenterBuiltIn","tbd","","/subscriptions/9e433097-fcac-4ffc-83ea-73c516eb84cc","c3d20c29-b36d-48fe-808b-99a87530ad99","auditifnotexists","tbd","/providers/Microsoft.Authorization/policySetDefinitions/1f3afdf9-d0c9-4c3d-847f-89da613e70a8","1f3afdf9-d0c9-4c3d-847f-89da613e70a8","","security center","","","azuredefenderforresourcemanagershouldbeenabledmonitoringeffect","NonCompliant",,"System.Collections.Generic.List`1[System.String]","1.0.0","57.33.0",""
"System.Collections.Generic.Dictionary`2[System.String,System.Object]","3/15/2024 4:56:08 AM","/subscriptions/9e433097-fcac-4ffc-83ea-73c516eb84cc","/subscriptions/9e433097-fcac-4ffc-83ea-73c516eb84cc/providers/microsoft.authorization/policyassignments/securitycenterbuiltin","/providers/microsoft.authorization/policydefinitions/4da35fc9-c9e7-4960-aec9-797fe7d9051d","","False","9e433097-fcac-4ffc-83ea-73c516eb84cc","Microsoft.Resources/subscriptions","","","tbd","SecurityCenterBuiltIn","tbd","","/subscriptions/9e433097-fcac-4ffc-83ea-73c516eb84cc","4da35fc9-c9e7-4960-aec9-797fe7d9051d","auditifnotexists","tbd","/providers/Microsoft.Authorization/policySetDefinitions/1f3afdf9-d0c9-4c3d-847f-89da613e70a8","1f3afdf9-d0c9-4c3d-847f-89da613e70a8","","security center","","","virtualmachinesadvancedthreatprotectionmonitoringeffect","NonCompliant",,"System.Collections.Generic.List`1[System.String]","1.0.3","57.33.0",""
"System.Collections.Generic.Dictionary`2[System.String,System.Object]","3/15/2024 4:56:08 AM","/subscriptions/9e433097-fcac-4ffc-83ea-73c516eb84cc","/subscriptions/9e433097-fcac-4ffc-83ea-73c516eb84cc/providers/microsoft.authorization/policyassignments/securitycenterbuiltin","/providers/microsoft.authorization/policydefinitions/2913021d-f2fd-4f3d-b958-22354e2bdbcb","","False","9e433097-fcac-4ffc-83ea-73c516eb84cc","Microsoft.Resources/subscriptions","","","tbd","SecurityCenterBuiltIn","tbd","","/subscriptions/9e433097-fcac-4ffc-83ea-73c516eb84cc","2913021d-f2fd-4f3d-b958-22354e2bdbcb","auditifnotexists","tbd","/providers/Microsoft.Authorization/policySetDefinitions/1f3afdf9-d0c9-4c3d-847f-89da613e70a8","1f3afdf9-d0c9-4c3d-847f-89da613e70a8","","security center","","","appservicesadvancedthreatprotectionmonitoringeffect","NonCompliant",,"System.Collections.Generic.List`1[System.String]","1.0.3","57.33.0",""
"System.Collections.Generic.Dictionary`2[System.String,System.Object]","3/15/2024 4:56:08 AM","/subscriptions/9e433097-fcac-4ffc-83ea-73c516eb84cc","/subscriptions/9e433097-fcac-4ffc-83ea-73c516eb84cc/providers/microsoft.authorization/policyassignments/securitycenterbuiltin","/providers/microsoft.authorization/policydefinitions/1c988dd6-ade4-430f-a608-2a3e5b0a6d38","","False","9e433097-fcac-4ffc-83ea-73c516eb84cc","Microsoft.Resources/subscriptions","","","tbd","SecurityCenterBuiltIn","tbd","","/subscriptions/9e433097-fcac-4ffc-83ea-73c516eb84cc","1c988dd6-ade4-430f-a608-2a3e5b0a6d38","auditifnotexists","tbd","/providers/Microsoft.Authorization/policySetDefinitions/1f3afdf9-d0c9-4c3d-847f-89da613e70a8","1f3afdf9-d0c9-4c3d-847f-89da613e70a8","","security center","","","containersadvancedthreatprotectionmonitoringeffect","NonCompliant",,"System.Collections.Generic.List`1[System.String]","1.0.0","57.33.0",""
"System.Collections.Generic.Dictionary`2[System.String,System.Object]","3/15/2024 4:56:08 AM","/subscriptions/9e433097-fcac-4ffc-83ea-73c516eb84cc","/subscriptions/9e433097-fcac-4ffc-83ea-73c516eb84cc/providers/microsoft.authorization/policyassignments/securitycenterbuiltin","/providers/microsoft.authorization/policydefinitions/7926a6d1-b268-4586-8197-e8ae90c877d7","","False","9e433097-fcac-4ffc-83ea-73c516eb84cc","Microsoft.Resources/subscriptions","","","tbd","SecurityCenterBuiltIn","tbd","","/subscriptions/9e433097-fcac-4ffc-83ea-73c516eb84cc","7926a6d1-b268-4586-8197-e8ae90c877d7","auditifnotexists","tbd","/providers/Microsoft.Authorization/policySetDefinitions/1f3afdf9-d0c9-4c3d-847f-89da613e70a8","1f3afdf9-d0c9-4c3d-847f-89da613e70a8","","security center","","","enabledefenderforapis","NonCompliant",,"System.Collections.Generic.List`1[System.String]","1.0.3","57.33.0",""
"System.Collections.Generic.Dictionary`2[System.String,System.Object]","3/15/2024 4:56:08 AM","/subscriptions/9e433097-fcac-4ffc-83ea-73c516eb84cc","/subscriptions/9e433097-fcac-4ffc-83ea-73c516eb84cc/providers/microsoft.authorization/policyassignments/securitycenterbuiltin","/providers/microsoft.authorization/policydefinitions/6581d072-105e-4418-827f-bd446d56421b","","False","9e433097-fcac-4ffc-83ea-73c516eb84cc","Microsoft.Resources/subscriptions","","","tbd","SecurityCenterBuiltIn","tbd","","/subscriptions/9e433097-fcac-4ffc-83ea-73c516eb84cc","6581d072-105e-4418-827f-bd446d56421b","auditifnotexists","tbd","/providers/Microsoft.Authorization/policySetDefinitions/1f3afdf9-d0c9-4c3d-847f-89da613e70a8","1f3afdf9-d0c9-4c3d-847f-89da613e70a8","","security center","","","sqlserversvirtualmachinesadvanceddatasecuritymonitoringeffect","NonCompliant",,"System.Collections.Generic.List`1[System.String]","1.0.2","57.33.0",""
"System.Collections.Generic.Dictionary`2[System.String,System.Object]","3/15/2024 4:56:08 AM","/subscriptions/9e433097-fcac-4ffc-83ea-73c516eb84cc","/subscriptions/9e433097-fcac-4ffc-83ea-73c516eb84cc/providers/microsoft.authorization/policyassignments/securitycenterbuiltin","/providers/microsoft.authorization/policydefinitions/0e6763cc-5078-4e64-889d-ff4d9a839047","","False","9e433097-fcac-4ffc-83ea-73c516eb84cc","Microsoft.Resources/subscriptions","","","tbd","SecurityCenterBuiltIn","tbd","","/subscriptions/9e433097-fcac-4ffc-83ea-73c516eb84cc","0e6763cc-5078-4e64-889d-ff4d9a839047","auditifnotexists","tbd","/providers/Microsoft.Authorization/policySetDefinitions/1f3afdf9-d0c9-4c3d-847f-89da613e70a8","1f3afdf9-d0c9-4c3d-847f-89da613e70a8","","security center","","","keyvaultsadvanceddatasecuritymonitoringeffect","NonCompliant",,"System.Collections.Generic.List`1[System.String]","1.0.3","57.33.0",""
"System.Collections.Generic.Dictionary`2[System.String,System.Object]","3/15/2024 4:56:08 AM","/subscriptions/9e433097-fcac-4ffc-83ea-73c516eb84cc","/subscriptions/9e433097-fcac-4ffc-83ea-73c516eb84cc/providers/microsoft.authorization/policyassignments/securitycenterbuiltin","/providers/microsoft.authorization/policydefinitions/7fe3b40f-802b-4cdd-8bd4-fd799c948cc2","","False","9e433097-fcac-4ffc-83ea-73c516eb84cc","Microsoft.Resources/subscriptions","","","tbd","SecurityCenterBuiltIn","tbd","","/subscriptions/9e433097-fcac-4ffc-83ea-73c516eb84cc","7fe3b40f-802b-4cdd-8bd4-fd799c948cc2","auditifnotexists","tbd","/providers/Microsoft.Authorization/policySetDefinitions/1f3afdf9-d0c9-4c3d-847f-89da613e70a8","1f3afdf9-d0c9-4c3d-847f-89da613e70a8","","security center","","","sqlserversadvanceddatasecuritymonitoringeffect","NonCompliant",,"System.Collections.Generic.List`1[System.String]","1.0.2","57.33.0",""
"System.Collections.Generic.Dictionary`2[System.String,System.Object]","3/15/2024 4:56:08 AM","/subscriptions/9e433097-fcac-4ffc-83ea-73c516eb84cc/resourcegroups/intelasensewebapp-rg/providers/microsoft.appconfiguration/configurationstores/appconfgstore-app","/subscriptions/9e433097-fcac-4ffc-83ea-73c516eb84cc/providers/microsoft.authorization/policyassignments/securitycenterbuiltin","/providers/microsoft.authorization/policydefinitions/ca610c1d-041c-4332-9d88-7ed3094967c7","","False","9e433097-fcac-4ffc-83ea-73c516eb84cc","Microsoft.AppConfiguration/configurationStores","eastus","IntelasenseWebApp-RG","tbd","SecurityCenterBuiltIn","tbd","","/subscriptions/9e433097-fcac-4ffc-83ea-73c516eb84cc","ca610c1d-041c-4332-9d88-7ed3094967c7","auditifnotexists","tbd","/providers/Microsoft.Authorization/policySetDefinitions/1f3afdf9-d0c9-4c3d-847f-89da613e70a8","1f3afdf9-d0c9-4c3d-847f-89da613e70a8","","security center","","","appconfigurationshoulduseprivatelinkmonitoringeffect","NonCompliant",,"System.Collections.Generic.List`1[System.String]","1.0.2","57.33.0",""
"System.Collections.Generic.Dictionary`2[System.String,System.Object]","3/15/2024 4:56:08 AM","/subscriptions/9e433097-fcac-4ffc-83ea-73c516eb84cc","/subscriptions/9e433097-fcac-4ffc-83ea-73c516eb84cc/providers/microsoft.authorization/policyassignments/securitycenterbuiltin","/providers/microsoft.authorization/policydefinitions/94e1c2ac-cbbe-4cac-a2b5-389c812dee87","","False","9e433097-fcac-4ffc-83ea-73c516eb84cc","Microsoft.Resources/subscriptions","","","tbd","SecurityCenterBuiltIn","tbd","","/subscriptions/9e433097-fcac-4ffc-83ea-73c516eb84cc","94e1c2ac-cbbe-4cac-a2b5-389c812dee87","auditifnotexists","tbd","/providers/Microsoft.Authorization/policySetDefinitions/1f3afdf9-d0c9-4c3d-847f-89da613e70a8","1f3afdf9-d0c9-4c3d-847f-89da613e70a8","","security center","","","identityremoveexternalaccountwithwritepermissionsmonitoringnew","NonCompliant",,"System.Collections.Generic.List`1[System.String]","1.0.0","57.33.0",""
"System.Collections.Generic.Dictionary`2[System.String,System.Object]","3/15/2024 4:56:08 AM","/subscriptions/9e433097-fcac-4ffc-83ea-73c516eb84cc","/subscriptions/9e433097-fcac-4ffc-83ea-73c516eb84cc/providers/microsoft.authorization/policyassignments/securitycenterbuiltin","/providers/microsoft.authorization/policydefinitions/e9ac8f8e-ce22-4355-8f04-99b911d6be52","","False","9e433097-fcac-4ffc-83ea-73c516eb84cc","Microsoft.Resources/subscriptions","","","tbd","SecurityCenterBuiltIn","tbd","","/subscriptions/9e433097-fcac-4ffc-83ea-73c516eb84cc","e9ac8f8e-ce22-4355-8f04-99b911d6be52","auditifnotexists","tbd","/providers/Microsoft.Authorization/policySetDefinitions/1f3afdf9-d0c9-4c3d-847f-89da613e70a8","1f3afdf9-d0c9-4c3d-847f-89da613e70a8","","security center","","","identityremoveexternalaccountwithreadpermissionsmonitoringnew","NonCompliant",,"System.Collections.Generic.List`1[System.String]","1.0.0","57.33.0",""
"System.Collections.Generic.Dictionary`2[System.String,System.Object]","3/15/2024 4:56:08 AM","/subscriptions/9e433097-fcac-4ffc-83ea-73c516eb84cc","/subscriptions/9e433097-fcac-4ffc-83ea-73c516eb84cc/providers/microsoft.authorization/policyassignments/securitycenterbuiltin","/providers/microsoft.authorization/policydefinitions/339353f6-2387-4a45-abe4-7f529d121046","","False","9e433097-fcac-4ffc-83ea-73c516eb84cc","Microsoft.Resources/subscriptions","","","tbd","SecurityCenterBuiltIn","tbd","","/subscriptions/9e433097-fcac-4ffc-83ea-73c516eb84cc","339353f6-2387-4a45-abe4-7f529d121046","auditifnotexists","tbd","/providers/Microsoft.Authorization/policySetDefinitions/1f3afdf9-d0c9-4c3d-847f-89da613e70a8","1f3afdf9-d0c9-4c3d-847f-89da613e70a8","","security center","","","identityremoveexternalaccountwithownerpermissionsmonitoringnew","NonCompliant",,"System.Collections.Generic.List`1[System.String]","1.0.0","57.33.0",""
"System.Collections.Generic.Dictionary`2[System.String,System.Object]","3/15/2024 4:56:08 AM","/subscriptions/9e433097-fcac-4ffc-83ea-73c516eb84cc/resourcegroups/intelasensewebapp-rg/providers/microsoft.keyvault/vaults/devopsprinciple","/subscriptions/9e433097-fcac-4ffc-83ea-73c516eb84cc/providers/microsoft.authorization/policyassignments/securitycenterbuiltin","/providers/microsoft.authorization/policydefinitions/cf820ca0-f99e-4f3e-84fb-66e913812d21","","False","9e433097-fcac-4ffc-83ea-73c516eb84cc","Microsoft.KeyVault/vaults","eastus","IntelasenseWebApp-RG","tbd","SecurityCenterBuiltIn","tbd","","/subscriptions/9e433097-fcac-4ffc-83ea-73c516eb84cc","cf820ca0-f99e-4f3e-84fb-66e913812d21","auditifnotexists","tbd","/providers/Microsoft.Authorization/policySetDefinitions/1f3afdf9-d0c9-4c3d-847f-89da613e70a8","1f3afdf9-d0c9-4c3d-847f-89da613e70a8","","security center","","","diagnosticslogsinkeyvaultmonitoring","NonCompliant",,"System.Collections.Generic.List`1[System.String]","5.0.0","57.33.0",""
"System.Collections.Generic.Dictionary`2[System.String,System.Object]","3/15/2024 4:56:08 AM","/subscriptions/9e433097-fcac-4ffc-83ea-73c516eb84cc","/subscriptions/9e433097-fcac-4ffc-83ea-73c516eb84cc/providers/microsoft.authorization/policyassignments/securitycenterbuiltin","/providers/microsoft.authorization/policydefinitions/8d7e1fde-fe26-4b5f-8108-f8e432cbc2be","","False","9e433097-fcac-4ffc-83ea-73c516eb84cc","Microsoft.Resources/subscriptions","","","tbd","SecurityCenterBuiltIn","tbd","","/subscriptions/9e433097-fcac-4ffc-83ea-73c516eb84cc","8d7e1fde-fe26-4b5f-8108-f8e432cbc2be","auditifnotexists","tbd","/providers/Microsoft.Authorization/policySetDefinitions/1f3afdf9-d0c9-4c3d-847f-89da613e70a8","1f3afdf9-d0c9-4c3d-847f-89da613e70a8","","security center","","","identityremovedeprecatedaccountmonitoringnew","NonCompliant",,"System.Collections.Generic.List`1[System.String]","1.0.0","57.33.0",""
"System.Collections.Generic.Dictionary`2[System.String,System.Object]","3/15/2024 4:56:08 AM","/subscriptions/9e433097-fcac-4ffc-83ea-73c516eb84cc","/subscriptions/9e433097-fcac-4ffc-83ea-73c516eb84cc/providers/microsoft.authorization/policyassignments/securitycenterbuiltin","/providers/microsoft.authorization/policydefinitions/0cfea604-3201-4e14-88fc-fae4c427a6c5","","False","9e433097-fcac-4ffc-83ea-73c516eb84cc","Microsoft.Resources/subscriptions","","","tbd","SecurityCenterBuiltIn","tbd","","/subscriptions/9e433097-fcac-4ffc-83ea-73c516eb84cc","0cfea604-3201-4e14-88fc-fae4c427a6c5","auditifnotexists","tbd","/providers/Microsoft.Authorization/policySetDefinitions/1f3afdf9-d0c9-4c3d-847f-89da613e70a8","1f3afdf9-d0c9-4c3d-847f-89da613e70a8","","security center","","","identityremovedeprecatedaccountwithownerpermissionsmonitoringnew","NonCompliant",,"System.Collections.Generic.List`1[System.String]","1.0.0","57.33.0",""
"System.Collections.Generic.Dictionary`2[System.String,System.Object]","3/15/2024 4:56:08 AM","/subscriptions/9e433097-fcac-4ffc-83ea-73c516eb84cc","/subscriptions/9e433097-fcac-4ffc-83ea-73c516eb84cc/providers/microsoft.authorization/policyassignments/securitycenterbuiltin","/providers/microsoft.authorization/policydefinitions/81b3ccb4-e6e8-4e4a-8d05-5df25cd29fd4","","False","9e433097-fcac-4ffc-83ea-73c516eb84cc","Microsoft.Resources/subscriptions","","","tbd","SecurityCenterBuiltIn","tbd","","/subscriptions/9e433097-fcac-4ffc-83ea-73c516eb84cc","81b3ccb4-e6e8-4e4a-8d05-5df25cd29fd4","auditifnotexists","tbd","/providers/Microsoft.Authorization/policySetDefinitions/1f3afdf9-d0c9-4c3d-847f-89da613e70a8","1f3afdf9-d0c9-4c3d-847f-89da613e70a8","","security center","","","identityenablemfaforreadpermissionsmonitoringnew","NonCompliant",,"System.Collections.Generic.List`1[System.String]","1.0.0","57.33.0",""
"System.Collections.Generic.Dictionary`2[System.String,System.Object]","3/15/2024 4:56:08 AM","/subscriptions/9e433097-fcac-4ffc-83ea-73c516eb84cc","/subscriptions/9e433097-fcac-4ffc-83ea-73c516eb84cc/providers/microsoft.authorization/policyassignments/securitycenterbuiltin","/providers/microsoft.authorization/policydefinitions/931e118d-50a1-4457-a5e4-78550e086c52","","False","9e433097-fcac-4ffc-83ea-73c516eb84cc","Microsoft.Resources/subscriptions","","","tbd","SecurityCenterBuiltIn","tbd","","/subscriptions/9e433097-fcac-4ffc-83ea-73c516eb84cc","931e118d-50a1-4457-a5e4-78550e086c52","auditifnotexists","tbd","/providers/Microsoft.Authorization/policySetDefinitions/1f3afdf9-d0c9-4c3d-847f-89da613e70a8","1f3afdf9-d0c9-4c3d-847f-89da613e70a8","","security center","","","identityenablemfaforwritepermissionsmonitoringnew","NonCompliant",,"System.Collections.Generic.List`1[System.String]","1.0.0","57.33.0",""
"System.Collections.Generic.Dictionary`2[System.String,System.Object]","3/15/2024 4:56:08 AM","/subscriptions/9e433097-fcac-4ffc-83ea-73c516eb84cc","/subscriptions/9e433097-fcac-4ffc-83ea-73c516eb84cc/providers/microsoft.authorization/policyassignments/securitycenterbuiltin","/providers/microsoft.authorization/policydefinitions/e3e008c3-56b9-4133-8fd7-d3347377402a","","False","9e433097-fcac-4ffc-83ea-73c516eb84cc","Microsoft.Resources/subscriptions","","","tbd","SecurityCenterBuiltIn","tbd","","/subscriptions/9e433097-fcac-4ffc-83ea-73c516eb84cc","e3e008c3-56b9-4133-8fd7-d3347377402a","auditifnotexists","tbd","/providers/Microsoft.Authorization/policySetDefinitions/1f3afdf9-d0c9-4c3d-847f-89da613e70a8","1f3afdf9-d0c9-4c3d-847f-89da613e70a8","","security center","","","identityenablemfaforownerpermissionsmonitoringnew","NonCompliant",,"System.Collections.Generic.List`1[System.String]","1.0.0","57.33.0",""
"System.Collections.Generic.Dictionary`2[System.String,System.Object]","3/15/2024 4:56:08 AM","/subscriptions/9e433097-fcac-4ffc-83ea-73c516eb84cc","/subscriptions/9e433097-fcac-4ffc-83ea-73c516eb84cc/providers/microsoft.authorization/policyassignments/securitycenterbuiltin","/providers/microsoft.authorization/policydefinitions/09024ccc-0c5f-475e-9457-b7c0d9ed487b","","False","9e433097-fcac-4ffc-83ea-73c516eb84cc","Microsoft.Resources/subscriptions","","","tbd","SecurityCenterBuiltIn","tbd","","/subscriptions/9e433097-fcac-4ffc-83ea-73c516eb84cc","09024ccc-0c5f-475e-9457-b7c0d9ed487b","auditifnotexists","tbd","/providers/Microsoft.Authorization/policySetDefinitions/1f3afdf9-d0c9-4c3d-847f-89da613e70a8","1f3afdf9-d0c9-4c3d-847f-89da613e70a8","","security center","","","identitydesignatemorethanoneownermonitoring","NonCompliant",,"System.Collections.Generic.List`1[System.String]","3.0.0","57.33.0",""
"System.Collections.Generic.Dictionary`2[System.String,System.Object]","3/15/2024 4:56:08 AM","/subscriptions/9e433097-fcac-4ffc-83ea-73c516eb84cc","/subscriptions/9e433097-fcac-4ffc-83ea-73c516eb84cc/providers/microsoft.authorization/policyassignments/securitycenterbuiltin","/providers/microsoft.authorization/policydefinitions/4f11b553-d42e-4e3a-89be-32ca364cad4c","","False","9e433097-fcac-4ffc-83ea-73c516eb84cc","Microsoft.Resources/subscriptions","","","tbd","SecurityCenterBuiltIn","tbd","","/subscriptions/9e433097-fcac-4ffc-83ea-73c516eb84cc","4f11b553-d42e-4e3a-89be-32ca364cad4c","auditifnotexists","tbd","/providers/Microsoft.Authorization/policySetDefinitions/1f3afdf9-d0c9-4c3d-847f-89da613e70a8","1f3afdf9-d0c9-4c3d-847f-89da613e70a8","","security center","","","identitydesignatelessthanownersmonitoring","NonCompliant",,"System.Collections.Generic.List`1[System.String]","3.0.0","57.33.0",""
"System.Collections.Generic.Dictionary`2[System.String,System.Object]","3/15/2024 4:56:08 AM","/subscriptions/9e433097-fcac-4ffc-83ea-73c516eb84cc/resourcegroups/imageronapp-rg/providers/microsoft.containerregistry/registries/iamgeroncomappregistrycontainer","/subscriptions/9e433097-fcac-4ffc-83ea-73c516eb84cc/providers/microsoft.authorization/policyassignments/securitycenterbuiltin","/providers/microsoft.authorization/policydefinitions/5f0f936f-2f01-4bf5-b6be-d423792fa562","","False","9e433097-fcac-4ffc-83ea-73c516eb84cc","Microsoft.ContainerRegistry/registries","eastus","ImageronApp-RG","tbd","SecurityCenterBuiltIn","tbd","","/subscriptions/9e433097-fcac-4ffc-83ea-73c516eb84cc","5f0f936f-2f01-4bf5-b6be-d423792fa562","auditifnotexists","tbd","/providers/Microsoft.Authorization/policySetDefinitions/1f3afdf9-d0c9-4c3d-847f-89da613e70a8","1f3afdf9-d0c9-4c3d-847f-89da613e70a8","","security center","","","containerregistryvulnerabilityassessment","NonCompliant",,"System.Collections.Generic.List`1[System.String]","2.0.2","57.33.0",""
"System.Collections.Generic.Dictionary`2[System.String,System.Object]","3/15/2024 4:56:08 AM","/subscriptions/9e433097-fcac-4ffc-83ea-73c516eb84cc/resourcegroups/imageronapp-rg/providers/microsoft.containerregistry/registries/iamgeroncomappregistrycontainer","/subscriptions/9e433097-fcac-4ffc-83ea-73c516eb84cc/providers/microsoft.authorization/policyassignments/securitycenterbuiltin","/providers/microsoft.authorization/policydefinitions/090c7b07-b4ed-4561-ad20-e9075f3ccaff","","False","9e433097-fcac-4ffc-83ea-73c516eb84cc","Microsoft.ContainerRegistry/registries","eastus","ImageronApp-RG","tbd","SecurityCenterBuiltIn","tbd","","/subscriptions/9e433097-fcac-4ffc-83ea-73c516eb84cc","090c7b07-b4ed-4561-ad20-e9075f3ccaff","auditifnotexists","tbd","/providers/Microsoft.Authorization/policySetDefinitions/1f3afdf9-d0c9-4c3d-847f-89da613e70a8","1f3afdf9-d0c9-4c3d-847f-89da613e70a8","","security center","","","azurecontainerregistryvulnerabilityassessment","NonCompliant",,"System.Collections.Generic.List`1[System.String]","1.0.1","57.33.0",""
"System.Collections.Generic.Dictionary`2[System.String,System.Object]","3/15/2024 4:56:08 AM","/subscriptions/9e433097-fcac-4ffc-83ea-73c516eb84cc/resourcegroups/keyvault-rg/providers/microsoft.keyvault/vaults/keyvault-intelasense","/subscriptions/9e433097-fcac-4ffc-83ea-73c516eb84cc/providers/microsoft.authorization/policyassignments/securitycenterbuiltin","/providers/microsoft.authorization/policydefinitions/cf820ca0-f99e-4f3e-84fb-66e913812d21","","False","9e433097-fcac-4ffc-83ea-73c516eb84cc","Microsoft.KeyVault/vaults","eastus","KeyVault-RG","tbd","SecurityCenterBuiltIn","tbd","","/subscriptions/9e433097-fcac-4ffc-83ea-73c516eb84cc","cf820ca0-f99e-4f3e-84fb-66e913812d21","auditifnotexists","tbd","/providers/Microsoft.Authorization/policySetDefinitions/1f3afdf9-d0c9-4c3d-847f-89da613e70a8","1f3afdf9-d0c9-4c3d-847f-89da613e70a8","","security center","","","diagnosticslogsinkeyvaultmonitoring","NonCompliant",,"System.Collections.Generic.List`1[System.String]","5.0.0","57.33.0",""
"System.Collections.Generic.Dictionary`2[System.String,System.Object]","3/15/2024 4:56:08 AM","/subscriptions/9e433097-fcac-4ffc-83ea-73c516eb84cc/resourcegroups/azureml-rg/providers/microsoft.keyvault/vaults/azuremlworkspa1429249400","/subscriptions/9e433097-fcac-4ffc-83ea-73c516eb84cc/providers/microsoft.authorization/policyassignments/securitycenterbuiltin","/providers/microsoft.authorization/policydefinitions/cf820ca0-f99e-4f3e-84fb-66e913812d21","","False","9e433097-fcac-4ffc-83ea-73c516eb84cc","Microsoft.KeyVault/vaults","eastus","AzureML-RG","tbd","SecurityCenterBuiltIn","tbd","","/subscriptions/9e433097-fcac-4ffc-83ea-73c516eb84cc","cf820ca0-f99e-4f3e-84fb-66e913812d21","auditifnotexists","tbd","/providers/Microsoft.Authorization/policySetDefinitions/1f3afdf9-d0c9-4c3d-847f-89da613e70a8","1f3afdf9-d0c9-4c3d-847f-89da613e70a8","","security center","","","diagnosticslogsinkeyvaultmonitoring","NonCompliant",,"System.Collections.Generic.List`1[System.String]","5.0.0","57.33.0",""
"System.Collections.Generic.Dictionary`2[System.String,System.Object]","3/15/2024 4:56:08 AM","/subscriptions/9e433097-fcac-4ffc-83ea-73c516eb84cc/resourcegroups/intelasensewebapp-rg/providers/microsoft.containerregistry/registries/intelasensewebappcontainerregistry","/subscriptions/9e433097-fcac-4ffc-83ea-73c516eb84cc/providers/microsoft.authorization/policyassignments/securitycenterbuiltin","/providers/microsoft.authorization/policydefinitions/5f0f936f-2f01-4bf5-b6be-d423792fa562","","False","9e433097-fcac-4ffc-83ea-73c516eb84cc","Microsoft.ContainerRegistry/registries","eastus","IntelasenseWebApp-RG","tbd","SecurityCenterBuiltIn","tbd","","/subscriptions/9e433097-fcac-4ffc-83ea-73c516eb84cc","5f0f936f-2f01-4bf5-b6be-d423792fa562","auditifnotexists","tbd","/providers/Microsoft.Authorization/policySetDefinitions/1f3afdf9-d0c9-4c3d-847f-89da613e70a8","1f3afdf9-d0c9-4c3d-847f-89da613e70a8","","security center","","","containerregistryvulnerabilityassessment","NonCompliant",,"System.Collections.Generic.List`1[System.String]","2.0.2","57.33.0",""
"System.Collections.Generic.Dictionary`2[System.String,System.Object]","3/15/2024 4:56:08 AM","/subscriptions/9e433097-fcac-4ffc-83ea-73c516eb84cc/resourcegroups/intelasensewebapp-rg/providers/microsoft.containerregistry/registries/intelasensewebappcontainerregistry","/subscriptions/9e433097-fcac-4ffc-83ea-73c516eb84cc/providers/microsoft.authorization/policyassignments/securitycenterbuiltin","/providers/microsoft.authorization/policydefinitions/090c7b07-b4ed-4561-ad20-e9075f3ccaff","","False","9e433097-fcac-4ffc-83ea-73c516eb84cc","Microsoft.ContainerRegistry/registries","eastus","IntelasenseWebApp-RG","tbd","SecurityCenterBuiltIn","tbd","","/subscriptions/9e433097-fcac-4ffc-83ea-73c516eb84cc","090c7b07-b4ed-4561-ad20-e9075f3ccaff","auditifnotexists","tbd","/providers/Microsoft.Authorization/policySetDefinitions/1f3afdf9-d0c9-4c3d-847f-89da613e70a8","1f3afdf9-d0c9-4c3d-847f-89da613e70a8","","security center","","","azurecontainerregistryvulnerabilityassessment","NonCompliant",,"System.Collections.Generic.List`1[System.String]","1.0.1","57.33.0",""
"System.Collections.Generic.Dictionary`2[System.String,System.Object]","3/15/2024 4:56:08 AM","/subscriptions/9e433097-fcac-4ffc-83ea-73c516eb84cc/resourcegroups/azureml-rg/providers/microsoft.machinelearningservices/workspaces/azureml-workspace","/subscriptions/9e433097-fcac-4ffc-83ea-73c516eb84cc/providers/microsoft.authorization/policyassignments/securitycenterbuiltin","/providers/microsoft.authorization/policydefinitions/438c38d2-3772-465a-a9cc-7a6666a275ce","","False","9e433097-fcac-4ffc-83ea-73c516eb84cc","Microsoft.MachineLearningServices/workspaces","eastus","AzureML-RG","tbd","SecurityCenterBuiltIn","tbd","","/subscriptions/9e433097-fcac-4ffc-83ea-73c516eb84cc","438c38d2-3772-465a-a9cc-7a6666a275ce","audit","tbd","/providers/Microsoft.Authorization/policySetDefinitions/1f3afdf9-d0c9-4c3d-847f-89da613e70a8","1f3afdf9-d0c9-4c3d-847f-89da613e70a8","","security center","","","azuremachinelearningworkspacesshoulddisablepublicnetworkaccess","NonCompliant",,"System.Collections.Generic.List`1[System.String]","2.0.1","57.33.0",""
"System.Collections.Generic.Dictionary`2[System.String,System.Object]","3/15/2024 4:56:08 AM","/subscriptions/9e433097-fcac-4ffc-83ea-73c516eb84cc/resourcegroups/azureml-rg/providers/microsoft.machinelearningservices/workspaces/azureml-workspace","/subscriptions/9e433097-fcac-4ffc-83ea-73c516eb84cc/providers/microsoft.authorization/policyassignments/securitycenterbuiltin","/providers/microsoft.authorization/policydefinitions/45e05259-1eb5-4f70-9574-baf73e9d219b","","False","9e433097-fcac-4ffc-83ea-73c516eb84cc","Microsoft.MachineLearningServices/workspaces","eastus","AzureML-RG","tbd","SecurityCenterBuiltIn","tbd","","/subscriptions/9e433097-fcac-4ffc-83ea-73c516eb84cc","45e05259-1eb5-4f70-9574-baf73e9d219b","audit","tbd","/providers/Microsoft.Authorization/policySetDefinitions/1f3afdf9-d0c9-4c3d-847f-89da613e70a8","1f3afdf9-d0c9-4c3d-847f-89da613e70a8","","security center","","","azuremachinelearningworkspacesshoulduseprivatelinkmonitoringeffect","NonCompliant",,"System.Collections.Generic.List`1[System.String]","1.0.0","57.33.0",""
"System.Collections.Generic.Dictionary`2[System.String,System.Object]","3/15/2024 4:56:08 AM","/subscriptions/9e433097-fcac-4ffc-83ea-73c516eb84cc/resourcegroups/keyvault-rg/providers/microsoft.keyvault/vaults/keyvault-intelasense","/subscriptions/9e433097-fcac-4ffc-83ea-73c516eb84cc/providers/microsoft.authorization/policyassignments/securitycenterbuiltin","/providers/microsoft.authorization/policydefinitions/a6abeaec-4d90-4a02-805f-6b26c4d3fbe9","","False","9e433097-fcac-4ffc-83ea-73c516eb84cc","Microsoft.KeyVault/vaults","eastus","KeyVault-RG","tbd","SecurityCenterBuiltIn","tbd","","/subscriptions/9e433097-fcac-4ffc-83ea-73c516eb84cc","a6abeaec-4d90-4a02-805f-6b26c4d3fbe9","audit","tbd","/providers/Microsoft.Authorization/policySetDefinitions/1f3afdf9-d0c9-4c3d-847f-89da613e70a8","1f3afdf9-d0c9-4c3d-847f-89da613e70a8","","security center","","","privateendpointshouldbeconfiguredforkeyvaultmonitoringeffect","NonCompliant",,"System.Collections.Generic.List`1[System.String]","1.2.1","57.33.0",""
"System.Collections.Generic.Dictionary`2[System.String,System.Object]","3/15/2024 4:56:08 AM","/subscriptions/9e433097-fcac-4ffc-83ea-73c516eb84cc/resourcegroups/keyvault-rg/providers/microsoft.keyvault/vaults/keyvault-intelasense","/subscriptions/9e433097-fcac-4ffc-83ea-73c516eb84cc/providers/microsoft.authorization/policyassignments/securitycenterbuiltin","/providers/microsoft.authorization/policydefinitions/55615ac9-af46-4a59-874e-391cc3dfb490","","False","9e433097-fcac-4ffc-83ea-73c516eb84cc","Microsoft.KeyVault/vaults","eastus","KeyVault-RG","tbd","SecurityCenterBuiltIn","tbd","","/subscriptions/9e433097-fcac-4ffc-83ea-73c516eb84cc","55615ac9-af46-4a59-874e-391cc3dfb490","audit","tbd","/providers/Microsoft.Authorization/policySetDefinitions/1f3afdf9-d0c9-4c3d-847f-89da613e70a8","1f3afdf9-d0c9-4c3d-847f-89da613e70a8","","security center","","","firewallshouldbeenabledonkeyvaultmonitoringeffect","NonCompliant",,"System.Collections.Generic.List`1[System.String]","3.2.1","57.33.0",""
"System.Collections.Generic.Dictionary`2[System.String,System.Object]","3/15/2024 4:56:08 AM","/subscriptions/9e433097-fcac-4ffc-83ea-73c516eb84cc/resourcegroups/keyvault-rg/providers/microsoft.keyvault/vaults/keyvault-intelasense","/subscriptions/9e433097-fcac-4ffc-83ea-73c516eb84cc/providers/microsoft.authorization/policyassignments/securitycenterbuiltin","/providers/microsoft.authorization/policydefinitions/0b60c0b2-2dc2-4e1c-b5c9-abbed971de53","","False","9e433097-fcac-4ffc-83ea-73c516eb84cc","Microsoft.KeyVault/vaults","eastus","KeyVault-RG","tbd","SecurityCenterBuiltIn","tbd","","/subscriptions/9e433097-fcac-4ffc-83ea-73c516eb84cc","0b60c0b2-2dc2-4e1c-b5c9-abbed971de53","audit","tbd","/providers/Microsoft.Authorization/policySetDefinitions/1f3afdf9-d0c9-4c3d-847f-89da613e70a8","1f3afdf9-d0c9-4c3d-847f-89da613e70a8","","security center","","","keyvaultsshouldhavepurgeprotectionenabledmonitoringeffect","NonCompliant",,"System.Collections.Generic.List`1[System.String]","2.1.0","57.33.0",""
"System.Collections.Generic.Dictionary`2[System.String,System.Object]","3/15/2024 4:56:08 AM","/subscriptions/9e433097-fcac-4ffc-83ea-73c516eb84cc/resourcegroups/intelasensewebapp-rg/providers/microsoft.keyvault/vaults/devopsprinciple","/subscriptions/9e433097-fcac-4ffc-83ea-73c516eb84cc/providers/microsoft.authorization/policyassignments/securitycenterbuiltin","/providers/microsoft.authorization/policydefinitions/a6abeaec-4d90-4a02-805f-6b26c4d3fbe9","","False","9e433097-fcac-4ffc-83ea-73c516eb84cc","Microsoft.KeyVault/vaults","eastus","IntelasenseWebApp-RG","tbd","SecurityCenterBuiltIn","tbd","","/subscriptions/9e433097-fcac-4ffc-83ea-73c516eb84cc","a6abeaec-4d90-4a02-805f-6b26c4d3fbe9","audit","tbd","/providers/Microsoft.Authorization/policySetDefinitions/1f3afdf9-d0c9-4c3d-847f-89da613e70a8","1f3afdf9-d0c9-4c3d-847f-89da613e70a8","","security center","","","privateendpointshouldbeconfiguredforkeyvaultmonitoringeffect","NonCompliant",,"System.Collections.Generic.List`1[System.String]","1.2.1","57.33.0",""
"System.Collections.Generic.Dictionary`2[System.String,System.Object]","3/15/2024 4:56:08 AM","/subscriptions/9e433097-fcac-4ffc-83ea-73c516eb84cc/resourcegroups/intelasensewebapp-rg/providers/microsoft.keyvault/vaults/devopsprinciple","/subscriptions/9e433097-fcac-4ffc-83ea-73c516eb84cc/providers/microsoft.authorization/policyassignments/securitycenterbuiltin","/providers/microsoft.authorization/policydefinitions/55615ac9-af46-4a59-874e-391cc3dfb490","","False","9e433097-fcac-4ffc-83ea-73c516eb84cc","Microsoft.KeyVault/vaults","eastus","IntelasenseWebApp-RG","tbd","SecurityCenterBuiltIn","tbd","","/subscriptions/9e433097-fcac-4ffc-83ea-73c516eb84cc","55615ac9-af46-4a59-874e-391cc3dfb490","audit","tbd","/providers/Microsoft.Authorization/policySetDefinitions/1f3afdf9-d0c9-4c3d-847f-89da613e70a8","1f3afdf9-d0c9-4c3d-847f-89da613e70a8","","security center","","","firewallshouldbeenabledonkeyvaultmonitoringeffect","NonCompliant",,"System.Collections.Generic.List`1[System.String]","3.2.1","57.33.0",""
"System.Collections.Generic.Dictionary`2[System.String,System.Object]","3/15/2024 4:56:08 AM","/subscriptions/9e433097-fcac-4ffc-83ea-73c516eb84cc/resourcegroups/intelasensewebapp-rg/providers/microsoft.keyvault/vaults/devopsprinciple","/subscriptions/9e433097-fcac-4ffc-83ea-73c516eb84cc/providers/microsoft.authorization/policyassignments/securitycenterbuiltin","/providers/microsoft.authorization/policydefinitions/0b60c0b2-2dc2-4e1c-b5c9-abbed971de53","","False","9e433097-fcac-4ffc-83ea-73c516eb84cc","Microsoft.KeyVault/vaults","eastus","IntelasenseWebApp-RG","tbd","SecurityCenterBuiltIn","tbd","","/subscriptions/9e433097-fcac-4ffc-83ea-73c516eb84cc","0b60c0b2-2dc2-4e1c-b5c9-abbed971de53","audit","tbd","/providers/Microsoft.Authorization/policySetDefinitions/1f3afdf9-d0c9-4c3d-847f-89da613e70a8","1f3afdf9-d0c9-4c3d-847f-89da613e70a8","","security center","","","keyvaultsshouldhavepurgeprotectionenabledmonitoringeffect","NonCompliant",,"System.Collections.Generic.List`1[System.String]","2.1.0","57.33.0",""
"System.Collections.Generic.Dictionary`2[System.String,System.Object]","3/15/2024 4:56:08 AM","/subscriptions/9e433097-fcac-4ffc-83ea-73c516eb84cc/resourcegroups/azureml-rg/providers/microsoft.keyvault/vaults/azuremlworkspa1429249400","/subscriptions/9e433097-fcac-4ffc-83ea-73c516eb84cc/providers/microsoft.authorization/policyassignments/securitycenterbuiltin","/providers/microsoft.authorization/policydefinitions/a6abeaec-4d90-4a02-805f-6b26c4d3fbe9","","False","9e433097-fcac-4ffc-83ea-73c516eb84cc","Microsoft.KeyVault/vaults","eastus","AzureML-RG","tbd","SecurityCenterBuiltIn","tbd","","/subscriptions/9e433097-fcac-4ffc-83ea-73c516eb84cc","a6abeaec-4d90-4a02-805f-6b26c4d3fbe9","audit","tbd","/providers/Microsoft.Authorization/policySetDefinitions/1f3afdf9-d0c9-4c3d-847f-89da613e70a8","1f3afdf9-d0c9-4c3d-847f-89da613e70a8","","security center","","","privateendpointshouldbeconfiguredforkeyvaultmonitoringeffect","NonCompliant",,"System.Collections.Generic.List`1[System.String]","1.2.1","57.33.0",""
"System.Collections.Generic.Dictionary`2[System.String,System.Object]","3/15/2024 4:56:08 AM","/subscriptions/9e433097-fcac-4ffc-83ea-73c516eb84cc/resourcegroups/azureml-rg/providers/microsoft.keyvault/vaults/azuremlworkspa1429249400","/subscriptions/9e433097-fcac-4ffc-83ea-73c516eb84cc/providers/microsoft.authorization/policyassignments/securitycenterbuiltin","/providers/microsoft.authorization/policydefinitions/55615ac9-af46-4a59-874e-391cc3dfb490","","False","9e433097-fcac-4ffc-83ea-73c516eb84cc","Microsoft.KeyVault/vaults","eastus","AzureML-RG","tbd","SecurityCenterBuiltIn","tbd","","/subscriptions/9e433097-fcac-4ffc-83ea-73c516eb84cc","55615ac9-af46-4a59-874e-391cc3dfb490","audit","tbd","/providers/Microsoft.Authorization/policySetDefinitions/1f3afdf9-d0c9-4c3d-847f-89da613e70a8","1f3afdf9-d0c9-4c3d-847f-89da613e70a8","","security center","","","firewallshouldbeenabledonkeyvaultmonitoringeffect","NonCompliant",,"System.Collections.Generic.List`1[System.String]","3.2.1","57.33.0",""
"System.Collections.Generic.Dictionary`2[System.String,System.Object]","3/15/2024 4:56:08 AM","/subscriptions/9e433097-fcac-4ffc-83ea-73c516eb84cc/resourcegroups/azureml-rg/providers/microsoft.keyvault/vaults/azuremlworkspa1429249400","/subscriptions/9e433097-fcac-4ffc-83ea-73c516eb84cc/providers/microsoft.authorization/policyassignments/securitycenterbuiltin","/providers/microsoft.authorization/policydefinitions/0b60c0b2-2dc2-4e1c-b5c9-abbed971de53","","False","9e433097-fcac-4ffc-83ea-73c516eb84cc","Microsoft.KeyVault/vaults","eastus","AzureML-RG","tbd","SecurityCenterBuiltIn","tbd","","/subscriptions/9e433097-fcac-4ffc-83ea-73c516eb84cc","0b60c0b2-2dc2-4e1c-b5c9-abbed971de53","audit","tbd","/providers/Microsoft.Authorization/policySetDefinitions/1f3afdf9-d0c9-4c3d-847f-89da613e70a8","1f3afdf9-d0c9-4c3d-847f-89da613e70a8","","security center","","","keyvaultsshouldhavepurgeprotectionenabledmonitoringeffect","NonCompliant",,"System.Collections.Generic.List`1[System.String]","2.1.0","57.33.0",""
"System.Collections.Generic.Dictionary`2[System.String,System.Object]","3/15/2024 4:56:08 AM","/subscriptions/9e433097-fcac-4ffc-83ea-73c516eb84cc/resourcegroups/intelasensewebapp-rg/providers/microsoft.containerregistry/registries/intelasensewebappcontainerregistry","/subscriptions/9e433097-fcac-4ffc-83ea-73c516eb84cc/providers/microsoft.authorization/policyassignments/securitycenterbuiltin","/providers/microsoft.authorization/policydefinitions/e8eef0a8-67cf-4eb4-9386-14b0e78733d4","","False","9e433097-fcac-4ffc-83ea-73c516eb84cc","Microsoft.ContainerRegistry/registries","eastus","IntelasenseWebApp-RG","tbd","SecurityCenterBuiltIn","tbd","","/subscriptions/9e433097-fcac-4ffc-83ea-73c516eb84cc","e8eef0a8-67cf-4eb4-9386-14b0e78733d4","audit","tbd","/providers/Microsoft.Authorization/policySetDefinitions/1f3afdf9-d0c9-4c3d-847f-89da613e70a8","1f3afdf9-d0c9-4c3d-847f-89da613e70a8","","security center","","","containerregistriesshoulduseprivatelinkmonitoringeffect","NonCompliant",,"System.Collections.Generic.List`1[System.String]","1.0.1","57.33.0",""
"System.Collections.Generic.Dictionary`2[System.String,System.Object]","3/15/2024 4:56:08 AM","/subscriptions/9e433097-fcac-4ffc-83ea-73c516eb84cc/resourcegroups/intelasensewebapp-rg/providers/microsoft.containerregistry/registries/intelasensewebappcontainerregistry","/subscriptions/9e433097-fcac-4ffc-83ea-73c516eb84cc/providers/microsoft.authorization/policyassignments/securitycenterbuiltin","/providers/microsoft.authorization/policydefinitions/d0793b48-0edc-4296-a390-4c75d1bdfd71","","False","9e433097-fcac-4ffc-83ea-73c516eb84cc","Microsoft.ContainerRegistry/registries","eastus","IntelasenseWebApp-RG","tbd","SecurityCenterBuiltIn","tbd","","/subscriptions/9e433097-fcac-4ffc-83ea-73c516eb84cc","d0793b48-0edc-4296-a390-4c75d1bdfd71","audit","tbd","/providers/Microsoft.Authorization/policySetDefinitions/1f3afdf9-d0c9-4c3d-847f-89da613e70a8","1f3afdf9-d0c9-4c3d-847f-89da613e70a8","","security center","","","containerregistriesshouldnotallowunrestrictednetworkaccessmonitoringeffect","NonCompliant",,"System.Collections.Generic.List`1[System.String]","2.0.0","57.33.0",""
"System.Collections.Generic.Dictionary`2[System.String,System.Object]","3/15/2024 4:56:08 AM","/subscriptions/9e433097-fcac-4ffc-83ea-73c516eb84cc/resourcegroups/imageronapp-rg/providers/microsoft.containerregistry/registries/iamgeroncomappregistrycontainer","/subscriptions/9e433097-fcac-4ffc-83ea-73c516eb84cc/providers/microsoft.authorization/policyassignments/securitycenterbuiltin","/providers/microsoft.authorization/policydefinitions/e8eef0a8-67cf-4eb4-9386-14b0e78733d4","","False","9e433097-fcac-4ffc-83ea-73c516eb84cc","Microsoft.ContainerRegistry/registries","eastus","ImageronApp-RG","tbd","SecurityCenterBuiltIn","tbd","","/subscriptions/9e433097-fcac-4ffc-83ea-73c516eb84cc","e8eef0a8-67cf-4eb4-9386-14b0e78733d4","audit","tbd","/providers/Microsoft.Authorization/policySetDefinitions/1f3afdf9-d0c9-4c3d-847f-89da613e70a8","1f3afdf9-d0c9-4c3d-847f-89da613e70a8","","security center","","","containerregistriesshoulduseprivatelinkmonitoringeffect","NonCompliant",,"System.Collections.Generic.List`1[System.String]","1.0.1","57.33.0",""
"System.Collections.Generic.Dictionary`2[System.String,System.Object]","3/15/2024 4:56:08 AM","/subscriptions/9e433097-fcac-4ffc-83ea-73c516eb84cc/resourcegroups/imageronapp-rg/providers/microsoft.containerregistry/registries/iamgeroncomappregistrycontainer","/subscriptions/9e433097-fcac-4ffc-83ea-73c516eb84cc/providers/microsoft.authorization/policyassignments/securitycenterbuiltin","/providers/microsoft.authorization/policydefinitions/d0793b48-0edc-4296-a390-4c75d1bdfd71","","False","9e433097-fcac-4ffc-83ea-73c516eb84cc","Microsoft.ContainerRegistry/registries","eastus","ImageronApp-RG","tbd","SecurityCenterBuiltIn","tbd","","/subscriptions/9e433097-fcac-4ffc-83ea-73c516eb84cc","d0793b48-0edc-4296-a390-4c75d1bdfd71","audit","tbd","/providers/Microsoft.Authorization/policySetDefinitions/1f3afdf9-d0c9-4c3d-847f-89da613e70a8","1f3afdf9-d0c9-4c3d-847f-89da613e70a8","","security center","","","containerregistriesshouldnotallowunrestrictednetworkaccessmonitoringeffect","NonCompliant",,"System.Collections.Generic.List`1[System.String]","2.0.0","57.33.0",""
